0.000	start	-	20,52,0	centre=0,0 rmax=20 _=0 relief_sd=2.3	0.00,0.00,0.00,0.0000
1.013	sync	flash	0,0,0	-	21.02,55.17,5.12,6.8692
2.009	sync	flash	0,0,0	-	16.09,52.42,8.39,7.3799
2.650	place	mcl_core:birchwood	-7,39,20	-	12.68,51.73,10.15,7.3770
3.967	place	mcl_core:birchwood	-15,39,24	-	5.66,51.37,13.79,7.3831
4.017	sync	flash	0,0,0	-	5.39,51.35,13.93,7.3854
5.277	place	mcl_core:brick_block	-22,38,27	-	-1.41,51.29,17.22,7.4078
6.594	place	mcl_core:brick_block	-31,36,8	-	-8.73,50.49,19.03,8.3269
7.897	place	mcl_core:brick_block	-23,37,-8	-	-12.93,50.51,12.56,8.9504
9.238	place	mcl_core:birchwood	-26,37,-16	-	-16.41,50.41,5.31,9.0073
10.554	place	mcl_core:mossycobble	-27,37,-22	-	-19.45,49.71,-1.97,9.0482
11.872	place	mcl_core:birchwood	-4,39,-21	-	-17.14,49.49,-8.74,10.2359
13.214	place	mcl_core:brick_block	6,38,-30	-	-11.29,51.09,-14.26,10.2407
14.541	place	mcl_books:bookshelf	14,39,-30	-	-5.42,50.67,-19.62,10.4989
15.867	place	mcl_core:gravel	20,40,-14	-	2.29,50.16,-18.57,11.2706
17.195	place	mcl_core:birchwood	22,45,-12	-	9.92,51.07,-16.28,11.2936
18.511	place	mcl_core:mossycobble	21,45,1	-	15.74,51.01,-11.68,12.1320
19.824	place	mcl_books:bookshelf	27,40,14	-	19.02,51.05,-4.52,12.1364
22.452	place	mcl_core:brick_block	10,38,33	-	16.81,51.89,10.53,12.8619
23.765	place	mcl_core:birchwood	-5,40,27	-	11.24,51.17,15.82,13.5197
25.081	place	mcl_core:birchwood	-15,40,20	-	4.40,50.38,19.41,14.1213
26.396	place	mcl_core:gravel	-25,38,20	-	-3.49,50.27,19.59,14.1112
29.026	place	mcl_core:gravel	-30,36,-8	-	-16.25,50.03,11.23,15.0764
30.339	place	mcl_colorblocks:hardened_clay_orange	-25,37,-17	-	-19.39,49.56,4.13,15.4491
31.655	place	mcl_core:birchwood	-18,44,-18	-	-19.45,49.11,-3.66,15.8329
32.973	place	mcl_colorblocks:hardened_clay_orange	-7,38,-29	-	-16.59,49.61,-10.92,16.2091
34.288	place	mcl_core:birchwood	4,38,-27	-	-11.13,50.10,-16.49,16.5826
35.603	place	mcl_books:bookshelf	15,39,-23	-	-3.95,50.05,-19.54,17.1100
36.917	place	mcl_core:brick_block	21,41,-15	-	3.87,50.19,-19.60,17.5492
38.232	place	mcl_core:birchwood	21,45,-10	-	11.01,50.72,-16.44,17.8525
39.551	place	mcl_books:bookshelf	28,39,6	-	16.44,50.94,-10.86,18.2590
40.867	place	mcl_core:birchwood	22,41,15	-	19.34,51.19,-3.69,18.7088
43.494	place	mcl_core:mossycobble	2,38,29	-	16.42,51.77,11.28,19.5414
44.815	place	mcl_core:birchwood	-5,41,26	-	10.69,51.15,16.61,19.8888
46.130	place	mcl_core:birchwood	-16,39,23	-	3.48,50.30,19.52,20.2618
47.446	place	mcl_books:bookshelf	-26,42,15	-	-4.31,50.15,19.30,20.6054
50.078	place	mcl_core:birchwood	-27,37,-11	-	-16.87,50.02,10.61,21.5346
51.396	place	mcl_colorblocks:hardened_clay_orange	-23,38,-17	-	-19.62,49.51,3.27,21.8347
52.713	place	mcl_core:birchwood	-18,41,-16	-	-19.42,49.10,-4.56,22.1097
54.031	place	mcl_colorblocks:hardened_clay_orange	-10,38,-28	-	-16.24,49.73,-11.74,22.4516
55.355	place	mcl_core:gravel	5,38,-29	-	-10.29,50.13,-16.96,22.8758
56.669	place	mcl_core:birchwood	11,39,-25	-	-2.94,50.03,-19.36,23.3794
57.983	place	mcl_core:mossycobble	20,40,-13	-	4.74,50.08,-19.11,23.8834
59.298	place	mcl_books:bookshelf	26,39,-1	-	11.85,50.87,-15.97,24.3888
60.609	place	mcl_core:birchwood	31,39,6	-	17.24,51.01,-10.25,24.4394
61.926	place	mcl_core:mossycobble	25,40,16	-	19.62,51.17,-2.75,24.8567
64.554	place	mcl_books:bookshelf	10,46,22	-	15.73,51.56,11.97,25.6933
65.870	place	mcl_core:gravel	-6,43,23	-	9.87,51.11,17.06,26.1258
67.182	place	mcl_core:mossycobble	-18,38,23	-	2.58,50.24,19.58,26.5613
68.497	place	mcl_core:birchwood	-27,42,13	-	-5.13,50.12,18.99,26.9845
69.815	place	mcl_core:gravel	-29,37,1	-	-12.10,50.07,15.58,27.4205
71.116	place	mcl_colorblocks:hardened_clay_orange	-28,36,-11	-	-17.26,50.01,9.86,27.8006
72.433	place	mcl_core:mossycobble	-22,38,-17	-	-19.82,49.38,2.46,28.1396
73.753	place	mcl_core:birchwood	-14,44,-18	-	-19.23,49.07,-5.37,28.6656
75.074	place	mcl_core:birchwood	-6,43,-22	-	-15.57,49.78,-12.32,29.0447
76.388	place	mcl_books:bookshelf	9,38,-26	-	-9.64,49.98,-17.38,29.4302
77.701	place	mcl_books:bookshelf	17,39,-22	-	-2.21,50.05,-19.79,29.7330
79.016	place	mcl_books:bookshelf	23,40,-16	-	5.58,50.06,-19.11,30.0311
80.334	place	mcl_core:birchwood	23,40,-7	-	12.54,50.77,-15.49,30.3958
81.649	place	mcl_colorblocks:hardened_clay_orange	30,39,7	-	17.62,50.95,-9.52,30.7778
82.963	place	mcl_books:bookshelf	24,41,17	-	19.95,51.14,-2.01,31.2042
84.282	place	mcl_core:mossycobble	12,44,22	-	19.05,53.65,5.79,31.8478
85.599	place	mcl_core:gravel	-1,37,31	-	15.43,51.55,12.78,32.1756
86.915	place	mcl_core:brick_block	-5,43,24	-	9.22,51.05,17.53,32.5958
88.231	place	mcl_colorblocks:hardened_clay_orange	-13,39,22	-	1.75,50.21,19.79,32.9841
89.547	place	mcl_core:gravel	-28,42,13	-	-6.03,50.22,18.99,33.2776
90.862	place	mcl_core:mossycobble	-29,36,-1	-	-12.92,50.06,15.28,33.7207
92.176	place	mcl_core:birchwood	-30,37,-11	-	-17.80,50.03,9.13,33.9936
93.500	place	mcl_core:gravel	-25,37,-19	-	-19.89,49.34,1.52,34.4484
94.817	place	mcl_core:brick_block	-17,44,-17	-	-18.94,49.07,-6.28,34.7552
96.133	place	mcl_colorblocks:hardened_clay_orange	-7,43,-25	-	-15.07,49.84,-13.10,35.1260
97.448	place	mcl_books:bookshelf	13,39,-22	-	-8.92,50.06,-17.97,35.6926
98.763	place	mcl_books:bookshelf	17,40,-19	-	-1.32,50.09,-19.96,36.1663
100.080	place	mcl_colorblocks:hardened_clay_orange	22,45,-8	-	6.23,50.38,-17.97,36.6778
101.397	place	mcl_core:birchwood	21,47,3	-	11.62,51.01,-12.29,37.1378
102.709	place	mcl_books:bookshelf	21,40,17	-	14.75,53.30,-5.09,37.4068
104.025	place	mcl_colorblocks:hardened_clay_orange	18,40,23	-	16.21,51.61,2.66,37.6120
105.340	place	mcl_books:bookshelf	14,38,33	-	16.15,51.25,10.54,37.7881
106.656	place	mcl_core:gravel	-4,41,24	-	11.42,51.05,16.08,38.7812
107.971	place	mcl_core:gravel	-17,38,22	-	4.54,50.33,19.64,39.1459
109.288	place	mcl_colorblocks:hardened_clay_orange	-24,38,18	-	-3.30,50.22,20.19,39.3820
111.918	place	mcl_books:bookshelf	-13,41,-5	-	-16.07,50.21,12.96,40.9882
113.245	place	mcl_books:bookshelf	6,42,3	-	-10.54,50.68,7.73,42.1061
114.564	place	mcl_core:gravel	17,40,15	-	-2.76,51.77,8.12,42.7405
115.878	place	mcl_colorblocks:hardened_clay_orange	20,39,27	-	3.90,51.77,12.22,43.1452
117.191	redig	mcl_core:brick_block	10,38,33	22.452	8.83,50.99,18.34,43.3105
118.496	place	mcl_core:gravel	18,40,-3	-	14.43,50.59,15.31,41.0529
119.815	place	mcl_colorblocks:hardened_clay_orange	14,45,-7	-	14.30,51.08,7.41,40.8003
121.130	place	mcl_colorblocks:hardened_clay_orange	13,39,-21	-	13.90,51.02,-0.46,40.7786
125.075	place	mcl_core:birchwood	-15,39,-14	-	5.66,51.10,-18.11,39.0932
126.390	place	mcl_core:brick_block	-26,37,-13	-	-2.12,51.21,-16.77,39.0958
129.005	place	mcl_core:brick_block	-25,38,8	-	-16.51,50.71,-12.13,38.1071
130.327	place	mcl_colorblocks:hardened_clay_orange	-21,38,17	-	-17.68,50.19,-4.30,37.8352
131.645	place	mcl_books:bookshelf	-21,39,23	-	-18.71,49.88,3.55,37.8259
132.959	place	mcl_core:mossycobble	-4,40,22	-	-16.54,49.64,10.50,36.8594
134.275	place	mcl_core:brick_block	6,37,31	-	-10.68,50.24,15.80,36.8688
135.593	place	mcl_colorblocks:hardened_clay_orange	16,39,19	-	-4.02,50.25,19.35,36.1228
136.914	place	mcl_colorblocks:hardened_clay_orange	22,40,19	-	3.91,50.13,19.27,36.1096
138.229	place	mcl_colorblocks:hardened_clay_orange	26,39,4	-	10.82,50.42,16.10,35.4527
139.545	place	mcl_core:birchwood	30,39,-5	-	16.84,50.89,11.02,35.2577
140.862	place	mcl_core:brick_block	23,47,-11	-	19.24,52.17,3.52,34.8213
142.173	place	mcl_core:brick_block	12,39,-26	-	19.12,52.26,-4.09,34.2504
143.489	place	mcl_colorblocks:hardened_clay_orange	3,39,-28	-	16.50,51.28,-11.49,33.8824
144.812	place	mcl_core:birchwood	-7,38,-32	-	10.49,51.11,-16.67,33.7018
146.124	place	mcl_core:gravel	-14,41,-22	-	3.30,50.45,-19.25,33.1257
147.448	place	mcl_core:brick_block	-25,38,-10	-	-4.48,50.20,-19.35,32.5438
150.089	place	mcl_core:gravel	-29,37,10	-	-16.78,50.33,-10.13,31.9686
151.404	place	mcl_colorblocks:hardened_clay_orange	-20,38,17	-	-19.48,49.46,-2.93,31.4398
152.735	place	mcl_colorblocks:hardened_clay_orange	-12,39,23	-	-19.43,49.09,5.04,31.1792
154.051	place	mcl_colorblocks:hardened_clay_orange	-2,38,23	-	-15.95,49.81,12.11,30.6895
155.365	place	mcl_core:birchwood	9,38,26	-	-10.01,49.96,17.19,30.2617
156.681	place	mcl_core:brick_block	17,39,20	-	-2.61,50.11,19.69,29.8845
157.996	place	mcl_core:gravel	22,40,12	-	5.14,50.07,19.08,29.4600
159.312	place	mcl_core:gravel	24,39,5	-	12.30,50.57,15.82,29.1365
160.628	place	mcl_books:bookshelf	23,40,-6	-	16.77,50.92,9.41,28.6067
161.944	place	mcl_books:bookshelf	14,40,-18	-	17.24,51.17,1.60,28.1223
163.260	place	mcl_colorblocks:hardened_clay_orange	5,38,-26	-	14.78,51.03,-5.87,27.8188
165.892	redig	mcl_core:birchwood	-6,43,-22	75.074	4.86,51.44,-18.01,27.3893
167.210	place	mcl_core:brick_block	-21,38,-9	-	-2.06,50.50,-19.91,26.1918
171.163	place	mcl_core:brick_block	-19,38,15	-	-18.74,49.74,-4.96,25.1410
172.480	place	mcl_core:brick_block	-21,38,25	-	-18.69,49.42,2.94,25.1211
173.794	place	mcl_colorblocks:hardened_clay_orange	-18,38,30	-	-19.81,49.10,10.64,25.0174
175.107	place	mcl_core:gravel	0,41,3	-	-13.67,49.98,11.87,22.9612
176.423	place	mcl_core:brick_block	-8,47,-4	-	-9.67,51.07,5.28,22.1923
177.736	place	mcl_core:birchwood	-16,44,-17	-	-10.44,51.83,-2.46,21.6225
179.051	place	mcl_core:brick_block	-33,38,-24	-	-15.11,51.40,-8.70,21.1078
180.364	place	mcl_core:brick_block	-4,38,-34	-	-16.69,50.28,-15.09,22.5777
181.678	place	mcl_core:birchwood	3,41,-3	-	-10.46,51.65,-16.34,24.3551
186.942	place	mcl_core:gravel	-15,39,21	-	-23.15,48.64,5.99,24.6661
188.257	place	mcl_core:gravel	-4,41,-3	-	-16.06,49.37,5.84,22.9389
189.574	place	mcl_core:birchwood	-10,39,-21	-	-12.37,50.72,-0.91,22.1168
190.889	place	mcl_colorblocks:hardened_clay_orange	-27,39,-27	-	-14.22,51.25,-8.42,21.4127
192.207	place	mcl_core:brick_block	-7,37,-36	-	-16.43,50.36,-15.21,22.4084
193.524	place	mcl_books:bookshelf	4,41,-6	-	-10.56,51.77,-17.93,24.2238
194.842	place	mcl_core:birchwood	-11,40,10	-	-8.11,52.19,-10.75,25.2500
197.476	place	mcl_colorblocks:hardened_clay_orange	-42,40,0	-	-19.19,51.33,-1.28,26.6310
198.789	place	mcl_colorblocks:hardened_clay_orange	-24,39,23	-	-23.13,48.93,4.55,25.1846
200.108	place	mcl_core:brick_block	-3,41,0	-	-17.04,49.21,6.62,23.1149
201.431	place	mcl_core:brick_block	-8,39,-19	-	-12.42,50.66,0.48,22.2358
202.746	place	mcl_core:brick_block	-23,39,-28	-	-13.43,51.27,-7.19,21.5381
204.062	place	mcl_core:brick_block	-12,37,-36	-	-16.98,50.48,-13.83,22.2314
205.375	place	mcl_core:mossycobble	9,40,-13	-	-11.91,52.55,-18.72,23.8410
206.695	place	mcl_core:brick_block	-8,48,-5	-	-8.09,51.24,-12.29,25.1030
208.007	place	mcl_books:bookshelf	-26,42,16	-	-11.01,55.93,-5.18,25.8705
209.322	place	mcl_core:birchwood	-42,38,2	-	-17.86,51.89,-1.57,26.5455
210.641	place	mcl_colorblocks:hardened_clay_orange	-25,38,23	-	-22.72,49.41,3.32,25.2618
211.958	place	mcl_core:gravel	-4,41,4	-	-18.07,49.05,7.36,23.3072
213.275	place	mcl_core:brick_block	-10,48,-5	-	-12.53,50.50,2.11,22.3780
214.589	place	mcl_core:mossycobble	-13,39,-16	-	-12.54,51.25,-5.60,21.6469
215.905	place	mcl_books:bookshelf	-26,39,-31	-	-17.21,50.69,-11.86,21.5533
218.546	place	mcl_core:brick_block	-7,50,-9	-	-8.54,51.36,-14.02,24.8786
222.495	place	mcl_core:gravel	-23,38,12	-	-22.55,49.67,1.66,25.3791
223.809	place	mcl_colorblocks:hardened_clay_orange	-5,42,7	-	-19.36,48.86,7.16,23.5270
225.132	place	mcl_colorblocks:hardened_clay_orange	-9,48,-4	-	-13.08,50.44,2.84,22.5106
226.451	place	mcl_core:brick_block	-15,45,-18	-	-12.23,51.34,-4.84,21.7529
227.768	place	mcl_core:brick_block	-34,37,-28	-	-16.48,51.24,-11.35,21.1978
230.397	place	mcl_core:brick_block	-2,41,2	-	-8.60,51.39,-15.11,24.7697
233.026	place	mcl_colorblocks:hardened_clay_orange	-33,42,5	-	-15.16,53.38,-2.38,26.3073
234.343	place	mcl_core:gravel	-29,43,14	-	-22.16,50.07,0.33,25.5775
235.659	place	mcl_core:gravel	-6,40,12	-	-21.00,48.76,7.13,23.8786
236.973	place	mcl_core:brick_block	-8,46,-3	-	-14.10,50.12,4.24,22.6799
238.288	place	mcl_core:brick_block	-14,44,-19	-	-12.05,50.83,-3.18,21.8999
239.604	place	mcl_core:birchwood	-32,37,-28	-	-15.45,51.29,-10.13,21.2302
240.927	place	mcl_colorblocks:hardened_clay_orange	-3,38,-37	-	-15.62,51.63,-17.08,22.5742
242.241	place	mcl_core:brick_block	0,42,-1	-	-9.47,51.46,-16.40,24.5609
247.504	place	mcl_books:bookshelf	-11,39,19	-	-22.47,48.66,6.63,24.3836
248.820	place	mcl_colorblocks:hardened_clay_orange	-3,41,-5	-	-15.28,49.55,5.54,22.8571
250.137	place	mcl_core:birchwood	-11,40,-21	-	-12.14,50.76,-1.47,22.0370
251.453	place	mcl_colorblocks:hardened_clay_orange	-28,38,-27	-	-14.57,51.34,-8.82,21.3399
252.768	place	mcl_core:mossycobble	-11,36,-40	-	-16.40,50.48,-15.61,22.4515
254.084	place	mcl_books:bookshelf	3,41,-4	-	-10.38,51.81,-17.44,24.3298
255.397	place	mcl_core:gravel	-12,40,12	-	-8.40,52.93,-10.12,25.3023
258.026	place	mcl_core:brick_block	-40,34,3	-	-19.86,51.04,-1.22,26.6381
259.342	redig	mcl_core:gravel	-28,42,13	89.547	-23.23,48.82,5.16,25.1366
260.659	place	mcl_books:bookshelf	-3,41,-1	-	-16.59,49.25,6.32,23.0410
261.975	place	mcl_core:brick_block	-5,43,-22	-	-12.34,50.69,-0.06,22.1923
263.289	place	mcl_books:bookshelf	-24,38,-28	-	-13.62,51.33,-7.67,21.4935
264.607	place	mcl_colorblocks:hardened_clay_orange	-10,37,-36	-	-16.95,50.60,-14.32,22.2812
265.923	place	mcl_core:birchwood	7,42,-10	-	-11.57,52.62,-18.47,24.0020
267.236	place	mcl_books:bookshelf	-7,41,-1	-	-8.25,51.26,-11.73,25.1491
269.867	place	mcl_books:bookshelf	-41,38,1	-	-18.64,51.55,-1.68,26.5667
271.184	place	mcl_core:brick_block	-27,38,27	-	-22.88,49.11,3.84,25.2092
272.500	place	mcl_core:brick_block	-4,42,2	-	-17.36,49.13,6.77,23.1960
273.815	place	mcl_books:bookshelf	-14,40,-8	-	-12.35,50.59,1.01,22.2979
275.130	place	mcl_core:mossycobble	-17,45,-18	-	-12.83,51.23,-6.71,21.6021
276.444	place	mcl_core:birchwood	-18,37,-37	-	-16.97,50.94,-13.23,21.9625
277.759	place	mcl_core:birchwood	12,39,-20	-	-12.82,53.44,-19.27,23.5377
279.075	place	mcl_books:bookshelf	-3,42,-9	-	-8.19,51.39,-13.59,24.9876
283.020	place	mcl_books:bookshelf	-26,42,14	-	-22.58,49.61,2.04,25.3653
284.336	place	mcl_core:birchwood	-7,41,5	-	-19.31,48.84,7.50,23.5105
285.649	place	mcl_core:mossycobble	-8,41,0	-	-13.10,50.37,3.16,22.5157
286.979	place	mcl_books:bookshelf	-12,39,-19	-	-12.08,51.36,-4.57,21.7761
288.291	place	mcl_colorblocks:hardened_clay_orange	-32,37,-31	-	-16.12,51.43,-11.18,21.1936
290.939	place	mcl_colorblocks:hardened_clay_orange	-5,41,-13	-	-9.02,51.51,-15.36,24.7307
293.569	place	mcl_colorblocks:hardened_clay_orange	-32,41,7	-	-15.13,53.26,-2.49,26.3112
294.882	place	mcl_books:bookshelf	-31,37,17	-	-22.12,50.05,0.16,25.5321
296.216	place	mcl_core:mossycobble	-2,40,16	-	-20.85,48.80,7.07,23.8757
297.530	place	mcl_core:gravel	-11,46,-5	-	-13.97,50.23,4.15,22.6645
298.845	place	mcl_books:bookshelf	-12,40,-15	-	-12.18,50.85,-3.32,21.8515
300.161	place	mcl_books:bookshelf	-35,37,-31	-	-15.81,51.22,-10.19,21.2585
301.478	redig	mcl_colorblocks:hardened_clay_orange	-7,38,-29	32.973	-15.52,51.66,-17.17,22.5956
302.791	place	mcl_colorblocks:hardened_clay_orange	2,41,2	-	-9.37,51.47,-16.02,24.5924
308.067	place	mcl_books:bookshelf	-9,39,18	-	-22.42,48.68,6.91,24.2757
309.381	place	mcl_core:mossycobble	-4,41,-5	-	-15.26,49.67,5.44,22.8264
310.694	place	mcl_core:gravel	-10,39,-18	-	-12.19,50.78,-1.60,22.0370
312.017	place	mcl_books:bookshelf	-31,37,-25	-	-14.64,51.53,-8.98,21.3288
313.333	place	mcl_books:bookshelf	-6,37,-36	-	-16.31,50.65,-15.78,22.4583
314.666	place	mcl_core:brick_block	-1,41,-1	-	-10.21,52.15,-17.51,24.3512
315.978	place	mcl_books:bookshelf	-15,39,16	-	-8.27,52.98,-10.18,25.3072
318.614	place	mcl_core:gravel	-45,38,-1	-	-19.95,51.08,-1.43,26.6268
319.926	place	mcl_core:brick_block	-23,38,24	-	-23.12,48.83,5.00,25.1294
321.244	place	mcl_books:bookshelf	-7,41,-2	-	-16.48,49.30,6.17,23.0461
322.559	place	mcl_core:birchwood	-8,39,-23	-	-12.12,50.71,-0.14,22.2109
323.874	place	mcl_books:bookshelf	-19,38,-27	-	-13.20,51.19,-7.81,21.5234
325.200	place	mcl_books:bookshelf	-14,37,-37	-	-17.05,50.68,-14.38,22.1192
326.514	place	mcl_core:birchwood	4,42,-11	-	-12.05,53.42,-18.78,23.9801
327.828	place	mcl_core:gravel	-8,47,-6	-	-8.63,51.42,-12.09,25.1257
329.142	place	mcl_core:birchwood	-30,42,16	-	-11.54,54.90,-4.95,25.8628
330.466	place	mcl_books:bookshelf	-38,34,3	-	-18.46,51.46,-1.39,26.5712
331.781	place	mcl_core:mossycobble	-26,38,21	-	-23.09,49.05,3.76,25.2441
333.095	place	mcl_books:bookshelf	-3,41,-2	-	-17.89,49.03,7.07,23.2341
334.410	place	mcl_books:bookshelf	-8,41,-1	-	-12.61,50.54,1.54,22.3570
335.725	place	mcl_core:brick_block	-21,38,-14	-	-12.65,51.37,-6.19,21.6548
337.040	place	mcl_core:birchwood	-23,38,-34	-	-17.07,51.09,-12.61,21.7166
338.358	place	mcl_core:mossycobble	11,39,-23	-	-13.49,53.72,-19.04,23.4026
339.672	place	mcl_core:brick_block	-5,41,5	-	-8.55,51.53,-13.75,24.9455
343.616	place	mcl_colorblocks:hardened_clay_orange	-25,38,22	-	-22.42,49.84,2.15,25.3016
344.928	place	mcl_books:bookshelf	-4,41,6	-	-18.75,49.02,7.29,23.4594
346.234	place	mcl_core:brick_block	-9,48,-5	-	-12.67,50.48,2.80,22.4923
347.550	place	mcl_books:bookshelf	-18,39,-14	-	-11.87,51.35,-4.87,21.7566
348.868	place	mcl_core:brick_block	-33,37,-32	-	-16.05,51.36,-11.43,21.1593
351.498	place	mcl_books:bookshelf	-1,41,1	-	-8.91,51.68,-15.82,24.7209
354.126	place	mcl_core:gravel	-33,43,6	-	-14.74,53.38,-2.75,26.2498
355.451	place	mcl_core:mossycobble	-29,42,13	-	-21.82,50.09,0.16,25.6303
356.770	place	mcl_books:bookshelf	-7,40,15	-	-21.34,48.85,7.31,24.0383
358.086	place	mcl_books:bookshelf	-6,41,-2	-	-14.30,50.05,4.95,22.7276
359.398	place	mcl_books:bookshelf	-13,41,-20	-	-11.98,50.81,-2.37,21.9345
360.712	place	mcl_core:brick_block	-31,37,-27	-	-15.10,51.24,-9.44,21.2583
362.028	place	mcl_core:brick_block	-4,37,-36	-	-15.97,50.64,-16.25,22.5431
363.343	place	mcl_colorblocks:hardened_clay_orange	2,41,-3	-	-9.80,51.64,-16.98,24.4389
364.658	place	mcl_core:brick_block	-15,40,14	-	-8.55,53.48,-9.49,25.4098
365.972	place	mcl_core:birchwood	-33,41,8	-	-13.39,54.37,-3.49,26.1499
367.291	place	mcl_colorblocks:hardened_clay_orange	-30,36,4	-	-20.88,50.59,-1.18,26.1558
368.605	place	mcl_books:bookshelf	-12,39,19	-	-22.42,48.84,6.16,24.6295
369.920	place	mcl_core:birchwood	-4,41,-6	-	-15.32,49.56,5.85,22.9130
371.235	place	mcl_core:gravel	-8,40,-17	-	-11.85,50.74,-0.99,22.0782
372.548	place	mcl_core:gravel	-26,38,-28	-	-13.88,51.32,-8.45,21.4164
373.863	place	mcl_core:gravel	-9,37,-37	-	-16.62,50.60,-15.16,22.3274
375.178	place	mcl_core:brick_block	6,41,-7	-	-10.96,52.60,-18.41,24.1541
376.491	place	mcl_core:gravel	-10,46,-4	-	-8.23,51.70,-11.37,25.2175
379.126	place	mcl_core:birchwood	-46,33,2	-	-19.09,51.36,-1.59,26.5505
380.445	redig	mcl_books:bookshelf	-26,42,15	47.446	-22.65,49.25,4.54,25.1533
381.759	place	mcl_core:gravel	-4,41,3	-	-16.77,49.35,6.94,23.1474
383.075	place	mcl_core:birchwood	-9,41,-1	-	-12.04,50.64,0.94,22.2509
384.391	place	mcl_core:birchwood	-16,41,-16	-	-12.84,51.33,-6.76,21.5687
385.707	place	mcl_colorblocks:hardened_clay_orange	-19,37,-37	-	-17.25,50.90,-13.12,21.9329
387.023	place	mcl_core:gravel	10,40,-17	-	-12.91,53.72,-18.90,23.6297
388.338	place	mcl_books:bookshelf	-6,41,-6	-	-8.46,51.52,-13.02,25.0111
392.282	redig	mcl_books:bookshelf	-26,42,16	208.007	-22.75,49.46,2.71,25.3036
393.597	redig	mcl_core:gravel	-6,40,12	235.659	-18.49,48.96,7.19,23.3623
394.913	place	mcl_colorblocks:hardened_clay_orange	-9,41,0	-	-12.69,50.51,2.26,22.4354
396.241	place	mcl_core:gravel	-20,38,-18	-	-12.45,51.31,-5.51,21.6572
397.550	place	mcl_core:gravel	-28,38,-31	-	-17.08,50.91,-11.75,21.4548
400.185	place	mcl_books:bookshelf	-7,48,-10	-	-8.61,51.47,-13.90,24.8630
402.818	place	mcl_books:bookshelf	-34,43,5	-	-16.13,52.83,-1.63,26.3712
404.135	place	mcl_core:brick_block	-27,43,14	-	-22.60,49.82,1.74,25.5151
405.453	place	mcl_core:gravel	-5,41,8	-	-20.00,48.82,7.53,23.5848
406.767	place	mcl_core:gravel	-13,40,-2	-	-13.59,50.28,3.49,22.5577
408.081	place	mcl_core:gravel	-18,41,-21	-	-12.33,51.37,-4.10,21.8059
409.397	place	mcl_core:mossycobble	-33,37,-26	-	-16.25,51.23,-10.80,21.2364
412.029	place	mcl_core:mossycobble	-4,41,-1	-	-8.88,51.53,-15.56,24.6806
414.659	place	mcl_core:brick_block	-32,36,12	-	-14.27,54.01,-2.30,26.2105
415.974	place	mcl_core:mossycobble	-38,36,18	-	-21.67,50.33,-0.04,25.8840
417.290	redig	mcl_colorblocks:hardened_clay_orange	-13,39,22	88.231	-22.23,48.68,7.06,24.1720
418.604	place	mcl_core:birchwood	-3,41,-6	-	-15.09,49.76,5.24,22.7950
419.916	place	mcl_core:mossycobble	-12,38,-25	-	-12.15,50.78,-1.87,22.0365
421.231	place	mcl_core:brick_block	-31,37,-24	-	-14.43,51.58,-9.28,21.3719
422.546	place	mcl_books:bookshelf	-4,36,-39	-	-16.15,51.04,-16.12,22.4383
423.861	place	mcl_core:gravel	0,41,0	-	-10.15,52.16,-17.88,24.3454
425.176	place	mcl_core:brick_block	-7,41,10	-	-8.16,52.60,-10.53,25.2785
427.826	place	mcl_books:bookshelf	-42,39,1	-	-19.33,51.35,-0.99,26.6603
429.143	place	mcl_colorblocks:hardened_clay_orange	-29,38,24	-	-23.42,48.90,4.75,25.1922
430.456	place	mcl_core:gravel	-4,41,0	-	-17.35,49.16,6.83,23.1175
431.771	place	mcl_books:bookshelf	-11,40,-15	-	-12.71,50.64,0.75,22.2484
433.083	place	mcl_books:bookshelf	-23,39,-26	-	-13.64,51.21,-6.89,21.5228
434.397	place	mcl_core:birchwood	-10,37,-35	-	-17.08,50.39,-13.56,22.3080
435.719	place	mcl_core:gravel	9,40,-14	-	-11.89,52.57,-18.64,23.7740
437.035	place	mcl_core:birchwood	-6,41,3	-	-7.83,51.31,-12.40,25.0563
438.352	place	mcl_core:gravel	-31,36,14	-	-10.49,56.53,-5.18,25.8588
440.984	place	mcl_core:brick_block	-26,42,16	-	-22.82,49.43,2.65,25.3306
442.305	place	mcl_core:gravel	-4,42,9	-	-18.85,48.84,7.43,23.3987
443.625	place	mcl_colorblocks:hardened_clay_orange	-8,41,-2	-	-12.97,50.41,2.58,22.4312
444.940	redig	mcl_core:gravel	-10,39,-18	310.694	-12.55,51.54,-5.14,21.7217
446.253	place	mcl_books:bookshelf	-29,38,-31	-	-16.70,51.17,-11.75,21.4128
448.884	place	mcl_core:birchwood	-9,46,-8	-	-8.48,51.60,-14.51,24.8325
451.523	place	mcl_core:mossycobble	-36,41,5	-	-15.77,53.21,-2.18,26.3900
452.840	place	mcl_core:gravel	-26,37,12	-	-22.23,49.97,1.05,25.4317
454.154	place	mcl_colorblocks:hardened_clay_orange	-6,41,10	-	-20.06,48.92,7.38,23.7114
455.468	place	mcl_core:gravel	-12,40,1	-	-13.41,50.26,3.83,22.6026
456.782	place	mcl_core:birchwood	-15,39,-15	-	-11.96,51.10,-3.72,21.8114
458.100	place	mcl_core:gravel	-34,37,-25	-	-16.01,51.11,-10.33,21.1618
460.732	place	mcl_colorblocks:hardened_clay_orange	-2,41,-3	-	-9.37,51.61,-15.46,24.6248
463.359	place	mcl_core:mossycobble	-34,41,8	-	-14.79,53.69,-2.44,26.2759
464.675	place	mcl_colorblocks:hardened_clay_orange	-27,43,16	-	-21.97,50.16,0.05,25.6374
465.990	place	mcl_core:brick_block	-7,40,13	-	-21.29,48.75,7.01,23.9667
467.305	place	mcl_core:gravel	-5,41,1	-	-14.27,50.07,4.48,22.7244
468.620	redig	mcl_books:bookshelf	-13,41,-20	359.398	-11.89,50.90,-2.84,21.9454
469.943	place	mcl_books:bookshelf	-31,37,-31	-	-14.99,51.61,-9.98,21.2490
472.575	place	mcl_core:brick_block	1,42,-3	-	-9.71,51.84,-17.17,24.4918
473.888	place	mcl_core:birchwood	-12,39,18	-	-8.62,53.39,-9.64,25.4078
475.201	place	mcl_core:gravel	-35,42,7	-	-13.40,54.49,-3.61,26.1567
476.514	place	mcl_core:gravel	-30,36,2	-	-20.92,50.62,-1.49,26.2010
477.829	place	mcl_core:birchwood	-18,38,20	-	-22.26,48.93,5.86,24.6230
479.140	place	mcl_core:gravel	-3,41,-4	-	-15.17,49.66,5.60,22.9222
480.454	place	mcl_colorblocks:hardened_clay_orange	-14,41,-17	-	-11.65,50.91,-1.20,22.0830
481.774	place	mcl_colorblocks:hardened_clay_orange	-28,37,-24	-	-13.75,51.39,-8.68,21.3980
483.092	place	mcl_core:mossycobble	-9,37,-36	-	-16.57,50.60,-15.34,22.3280
484.405	place	mcl_core:gravel	5,41,-6	-	-10.86,52.48,-18.21,24.2081
485.719	redig	mcl_books:bookshelf	-7,41,-2	321.244	-8.40,51.99,-11.06,25.2597
488.351	place	mcl_core:gravel	-44,38,2	-	-19.61,51.05,-1.65,26.5167
489.666	place	mcl_core:brick_block	-23,38,22	-	-22.77,48.97,4.80,25.1276
490.982	place	mcl_colorblocks:hardened_clay_orange	-6,41,-4	-	-16.36,49.35,6.38,23.0781
492.297	redig	mcl_books:bookshelf	-12,40,-15	298.845	-11.92,50.82,0.15,22.2150
493.612	place	mcl_colorblocks:hardened_clay_orange	-24,38,-29	-	-13.08,51.33,-7.49,21.5010
494.927	place	mcl_core:brick_block	-14,37,-36	-	-17.24,50.83,-13.84,22.1460
496.243	place	mcl_colorblocks:hardened_clay_orange	8,41,-11	-	-12.29,53.31,-18.57,23.9048
497.559	place	mcl_core:gravel	-11,40,-9	-	-8.62,51.38,-12.04,25.1011
498.872	place	mcl_core:gravel	-27,37,12	-	-11.41,55.67,-4.85,25.8402
501.503	redig	mcl_core:gravel	-23,38,12	222.495	-23.29,49.12,3.65,25.2985
502.819	redig	mcl_colorblocks:hardened_clay_orange	-5,42,7	223.809	-18.19,48.99,7.04,23.2401
504.137	place	mcl_core:mossycobble	-12,40,-2	-	-12.87,50.54,1.53,22.3565
505.454	place	mcl_core:brick_block	-15,44,-17	-	-12.95,51.74,-6.21,21.6453
506.770	place	mcl_colorblocks:hardened_clay_orange	-20,37,-36	-	-17.13,50.92,-12.77,21.8688
508.085	place	mcl_core:gravel	11,39,-22	-	-13.08,53.46,-19.02,23.4234
509.411	redig	mcl_colorblocks:hardened_clay_orange	2,41,-3	363.343	-8.16,51.47,-13.59,24.9498
512.039	place	mcl_core:brick_block	-38,34,8	-	-16.32,52.88,-1.64,26.4008
513.352	place	mcl_core:brick_block	-30,36,10	-	-22.69,49.75,1.72,25.4756
514.666	redig	mcl_core:gravel	-5,41,8	405.453	-20.03,48.81,7.52,23.5862
515.982	redig	mcl_core:brick_block	-7,50,-9	218.546	-13.61,50.32,3.48,22.5577
517.295	place	mcl_books:bookshelf	-14,39,-15	-	-12.21,51.35,-4.11,21.8323
518.613	place	mcl_core:brick_block	-33,37,-28	-	-16.08,51.42,-10.83,21.1983
521.246	place	mcl_colorblocks:hardened_clay_orange	-1,41,0	-	-9.20,51.62,-15.62,24.6755
523.880	place	mcl_core:birchwood	-34,35,9	-	-14.98,53.46,-2.66,26.2835
525.198	redig	mcl_colorblocks:hardened_clay_orange	-20,38,17	151.404	-21.95,50.08,0.22,25.5708
526.514	place	mcl_core:birchwood	-11,40,14	-	-21.06,48.85,7.21,23.9552
527.831	place	mcl_core:brick_block	-9,48,-6	-	-14.06,50.10,4.57,22.7046
529.148	redig	mcl_core:brick_block	-15,45,-18	226.451	-11.81,51.09,-2.81,21.9424
530.464	place	mcl_core:birchwood	-31,37,-29	-	-14.70,51.54,-10.00,21.2874
533.098	place	mcl_books:bookshelf	0,41,-5	-	-9.99,51.98,-17.29,24.4793
534.412	place	mcl_books:bookshelf	-14,40,11	-	-8.80,52.41,-9.77,25.3906
537.040	place	mcl_core:brick_block	-33,36,2	-	-20.84,50.44,-1.08,26.1282
538.361	place	mcl_core:brick_block	-14,39,17	-	-22.27,48.99,6.34,24.6212
539.680	place	mcl_core:birchwood	0,41,1	-	-15.15,49.70,5.99,22.9077
540.994	place	mcl_core:brick_block	-13,38,-23	-	-11.78,50.87,-0.88,22.0592
542.320	place	mcl_core:mossycobble	-32,37,-30	-	-14.15,51.54,-8.31,21.3591
543.637	place	mcl_core:gravel	-7,37,-34	-	-16.74,50.41,-14.94,22.4140
544.951	place	mcl_core:birchwood	4,41,-9	-	-10.89,52.08,-17.72,24.2057
546.269	redig	mcl_core:brick_block	-4,42,2	272.500	-8.30,52.55,-10.58,25.2352
548.902	redig	mcl_core:mossycobble	-29,36,-1	90.862	-19.42,51.23,-1.24,26.6319
550.217	place	mcl_core:gravel	-25,38,21	-	-23.10,48.91,4.85,25.1647
551.532	redig	mcl_core:brick_block	-5,41,5	339.672	-16.98,49.22,6.84,23.1101
552.849	place	mcl_core:birchwood	-9,46,-10	-	-12.34,50.76,0.76,22.2436
554.168	place	mcl_core:brick_block	-21,38,-30	-	-13.27,51.37,-6.94,21.5395
555.484	place	mcl_core:brick_block	-13,37,-36	-	-17.13,50.66,-13.51,22.1771
556.799	place	mcl_colorblocks:hardened_clay_orange	9,41,-15	-	-12.32,53.22,-18.81,23.7460
558.114	place	mcl_core:mossycobble	-12,40,-3	-	-8.20,51.35,-12.63,25.0474
559.430	place	mcl_core:brick_block	-25,37,11	-	-10.77,56.05,-5.38,25.8480
562.067	place	mcl_core:brick_block	-27,38,24	-	-22.72,49.47,2.98,25.2878
563.384	place	mcl_core:brick_block	-6,41,8	-	-18.40,48.96,7.40,23.3490
564.698	place	mcl_core:brick_block	-7,41,-2	-	-12.67,50.49,2.39,22.4230
566.013	place	mcl_core:brick_block	-16,46,-18	-	-12.29,51.69,-5.32,21.7044
567.330	redig	mcl_books:bookshelf	-24,38,-28	263.289	-16.68,51.36,-11.77,21.3427
569.966	place	mcl_core:brick_block	-7,50,-9	-	-8.62,51.50,-14.99,24.8072
572.599	redig	mcl_core:gravel	-30,36,2	476.514	-15.22,53.63,-2.17,26.2985
573.912	redig	mcl_core:gravel	-29,37,10	150.089	-22.26,50.12,0.47,25.6470
575.226	redig	mcl_core:gravel	-4,41,4	211.958	-21.29,48.70,7.23,23.8855
576.553	place	mcl_colorblocks:hardened_clay_orange	-7,41,1	-	-14.30,50.11,4.33,22.6975
577.867	redig	mcl_core:brick_block	-17,44,-17	94.817	-12.03,51.19,-3.02,21.9321
579.179	place	mcl_books:bookshelf	-31,37,-23	-	-15.23,51.62,-10.04,21.2246
580.496	redig	mcl_core:birchwood	-7,38,-32	144.812	-15.65,51.69,-16.93,22.5560
581.812	place	mcl_core:mossycobble	1,41,-1	-	-9.48,51.57,-16.71,24.5261
583.125	place	mcl_core:birchwood	-16,39,15	-	-8.60,53.70,-9.14,25.4223
585.753	redig	mcl_core:mossycobble	-29,42,13	355.451	-20.90,50.68,-0.98,26.2217
587.067	place	mcl_colorblocks:hardened_clay_orange	-12,39,20	-	-22.46,48.78,6.23,24.5145
588.380	place	mcl_core:brick_block	-1,41,-5	-	-15.30,49.55,5.61,22.8960
589.700	place	mcl_core:birchwood	-6,44,-23	-	-11.89,50.91,-1.29,22.0647
591.014	place	mcl_core:gravel	-30,37,-24	-	-14.19,51.65,-8.66,21.3536
592.328	place	mcl_core:gravel	-11,37,-34	-	-16.62,50.51,-15.25,22.4283
593.649	place	mcl_books:bookshelf	3,42,-6	-	-10.65,52.01,-17.56,24.2735
594.964	place	mcl_core:brick_block	-12,40,11	-	-8.44,52.60,-10.31,25.2951
598.922	place	mcl_core:mossycobble	-19,38,24	-	-22.59,48.92,5.34,24.9318
600.239	redig	mcl_books:bookshelf	-3,41,-2	333.095	-15.72,49.45,5.98,22.9951
601.558	redig	mcl_colorblocks:hardened_clay_orange	-14,41,-17	480.454	-11.74,50.92,-0.59,22.1495
602.874	redig	mcl_core:brick_block	-14,44,-19	238.288	-13.39,51.43,-8.15,21.4453
604.191	place	mcl_core:mossycobble	-13,37,-39	-	-16.92,50.73,-14.66,22.2177
605.511	place	mcl_colorblocks:hardened_clay_orange	6,41,-9	-	-11.58,52.83,-18.53,24.0666
606.830	place	mcl_core:mossycobble	-7,46,-5	-	-8.47,51.33,-11.63,25.1660
609.461	place	mcl_core:gravel	-40,34,-3	-	-18.84,51.40,-1.55,26.5794
610.776	place	mcl_core:birchwood	-28,38,25	-	-22.84,49.12,4.16,25.1884
612.102	place	mcl_core:birchwood	-4,42,2	-	-17.20,49.19,6.97,23.1746
613.418	redig	mcl_core:gravel	-8,47,-6	327.828	-12.34,50.72,1.09,22.2677
614.735	place	mcl_core:birchwood	-22,38,-15	-	-13.06,51.72,-6.63,21.5806
616.050	redig	mcl_books:bookshelf	-23,39,-26	433.083	-17.25,50.90,-13.13,21.9750
617.366	place	mcl_core:mossycobble	8,40,-15	-	-12.80,53.21,-18.84,23.6375
618.682	place	mcl_colorblocks:hardened_clay_orange	-6,42,4	-	-8.36,51.34,-12.94,25.0140
619.995	place	mcl_core:gravel	-23,38,17	-	-10.85,55.83,-5.71,25.8493
621.310	place	mcl_colorblocks:hardened_clay_orange	-45,33,-2	-	-17.67,52.09,-2.03,26.5313
622.628	place	mcl_colorblocks:hardened_clay_orange	-26,37,18	-	-22.56,49.66,2.80,25.2492
623.942	place	mcl_core:brick_block	-4,41,4	-	-18.18,49.10,7.22,23.3599
625.255	place	mcl_colorblocks:hardened_clay_orange	-8,48,-9	-	-12.48,50.53,2.22,22.4083
626.574	place	mcl_books:bookshelf	-18,39,-15	-	-12.19,51.75,-5.52,21.6923
627.890	place	mcl_core:gravel	-29,37,-26	-	-16.72,51.31,-11.86,21.3194
630.523	redig	mcl_core:brick_block	1,42,-3	472.575	-8.77,51.60,-14.73,24.8295
633.154	place	mcl_colorblocks:hardened_clay_orange	-35,41,4	-	-16.05,52.74,-2.42,26.3766
634.469	place	mcl_core:gravel	-29,42,13	-	-22.34,49.86,1.09,25.3927
635.786	place	mcl_core:mossycobble	-7,41,7	-	-19.78,48.90,7.17,23.6425
637.101	redig	mcl_books:bookshelf	-3,41,-1	260.659	-13.23,50.34,3.38,22.5878
638.417	place	mcl_core:brick_block	-15,44,-21	-	-11.84,51.73,-4.19,21.8050
639.732	place	mcl_colorblocks:hardened_clay_orange	-35,37,-25	-	-15.87,51.63,-10.80,21.1562
642.360	place	mcl_colorblocks:hardened_clay_orange	-5,41,4	-	-9.22,51.45,-15.62,24.6718
645.014	place	mcl_colorblocks:hardened_clay_orange	-37,34,2	-	-14.87,53.67,-2.43,26.2704
646.332	redig	mcl_core:brick_block	-38,34,8	512.039	-22.06,50.16,0.06,25.6379
647.647	place	mcl_colorblocks:hardened_clay_orange	-9,40,11	-	-21.37,48.73,7.02,23.9684
648.964	redig	mcl_core:gravel	0,41,0	423.861	-14.37,50.13,4.44,22.7060
650.282	place	mcl_core:brick_block	-13,41,-21	-	-12.13,51.13,-2.93,21.9278
651.597	place	mcl_colorblocks:hardened_clay_orange	-32,37,-24	-	-15.23,51.66,-10.03,21.2542
652.915	place	mcl_core:mossycobble	-1,36,-40	-	-15.65,51.71,-17.01,22.5413
654.227	place	mcl_core:mossycobble	1,41,-2	-	-9.52,51.52,-16.81,24.5269
655.546	place	mcl_core:birchwood	-14,40,12	-	-8.52,53.74,-9.21,25.3975
659.499	redig	mcl_colorblocks:hardened_clay_orange	-24,38,18	109.288	-22.80,48.68,6.01,24.6510
660.812	place	mcl_core:mossycobble	-1,41,-2	-	-15.70,49.42,5.84,22.9480
662.165	redig	mcl_colorblocks:hardened_clay_orange	-5,41,-13	290.939	-11.82,50.88,-1.04,22.1291
663.480	redig	mcl_core:gravel	-25,37,-19	93.500	-13.45,51.56,-8.60,21.4533
664.793	place	mcl_colorblocks:hardened_clay_orange	-16,37,-39	-	-16.79,50.63,-15.17,22.2175
666.110	place	mcl_core:brick_block	2,41,-3	-	-11.37,52.88,-18.62,24.1371
667.425	place	mcl_core:brick_block	-7,48,-8	-	-8.54,51.51,-11.60,25.1958
670.056	place	mcl_core:brick_block	-39,34,0	-	-19.21,51.17,-1.79,26.5330
671.373	redig	mcl_core:mossycobble	-26,38,21	331.781	-22.76,49.03,4.37,25.1562
672.688	place	mcl_core:birchwood	-3,41,1	-	-16.87,49.25,6.77,23.1442
674.001	place	mcl_core:mossycobble	-5,40,-18	-	-12.27,50.79,0.71,22.2203
675.314	place	mcl_colorblocks:hardened_clay_orange	-24,38,-28	-	-13.37,51.62,-6.93,21.5239
676.630	place	mcl_core:mossycobble	-8,37,-37	-	-17.15,50.58,-13.52,22.2094
677.947	place	mcl_core:gravel	11,40,-14	-	-12.25,52.93,-18.76,23.7502
679.263	place	mcl_colorblocks:hardened_clay_orange	-12,40,-5	-	-8.15,51.32,-12.58,25.0623
680.578	place	mcl_core:birchwood	-28,42,13	-	-10.87,56.06,-5.39,25.8671
681.894	redig	mcl_core:brick_block	-30,36,10	513.352	-17.75,52.09,-1.82,26.5465
683.207	place	mcl_core:gravel	-26,38,22	-	-22.78,49.37,2.89,25.2814
684.521	place	mcl_core:mossycobble	-9,41,6	-	-18.22,48.96,7.01,23.3235
685.836	place	mcl_books:bookshelf	-9,46,-9	-	-12.70,50.53,1.80,22.3686
687.146	place	mcl_colorblocks:hardened_clay_orange	-19,38,-22	-	-12.84,51.86,-5.89,21.6348
688.473	place	mcl_core:gravel	-23,37,-35	-	-17.21,50.94,-12.45,21.7586
689.789	place	mcl_colorblocks:hardened_clay_orange	10,39,-22	-	-13.38,53.26,-18.78,23.4106
691.104	place	mcl_core:brick_block	-5,41,5	-	-8.44,51.41,-13.47,24.9471
693.734	redig	mcl_core:brick_block	-25,38,8	129.005	-16.84,52.55,-1.75,26.4277
695.050	place	mcl_colorblocks:hardened_clay_orange	-24,38,17	-	-22.72,49.60,2.22,25.3938
696.379	redig	mcl_core:brick_block	-12,40,11	594.964	-19.16,48.84,7.38,23.4526
697.699	place	mcl_core:brick_block	-5,41,-7	-	-13.11,50.40,2.76,22.4766
699.015	place	mcl_core:mossycobble	-15,45,-18	-	-12.39,51.75,-4.93,21.7496
700.328	place	mcl_colorblocks:hardened_clay_orange	-29,38,-27	-	-16.56,51.40,-11.49,21.2244
702.957	place	mcl_core:brick_block	-3,41,-10	-	-8.76,51.57,-14.88,24.7908
705.585	place	mcl_colorblocks:hardened_clay_orange	-32,41,5	-	-15.36,53.45,-2.09,26.2818
706.900	place	mcl_core:mossycobble	-26,37,13	-	-22.21,50.05,0.96,25.6191
708.213	redig	mcl_core:birchwood	-11,40,10	194.842	-20.84,48.80,7.51,23.8019
709.530	place	mcl_colorblocks:hardened_clay_orange	-5,42,-3	-	-14.02,50.19,4.32,22.6625
710.844	place	mcl_core:mossycobble	-14,44,-20	-	-11.99,51.26,-3.11,21.9041
712.159	place	mcl_books:bookshelf	-29,37,-24	-	-15.35,51.57,-10.07,21.2104
713.477	place	mcl_colorblocks:hardened_clay_orange	-2,36,-39	-	-15.65,51.66,-16.98,22.5637
714.793	place	mcl_core:mossycobble	2,41,-5	-	-9.50,51.51,-16.33,24.5588
717.425	place	mcl_colorblocks:hardened_clay_orange	-36,35,8	-	-13.82,54.54,-2.78,26.1676
720.055	redig	mcl_core:gravel	-15,39,21	186.942	-22.48,48.67,6.63,24.3873
721.369	redig	mcl_colorblocks:hardened_clay_orange	-9,48,-4	225.132	-15.32,49.55,5.54,22.8469
722.686	redig	mcl_books:bookshelf	-14,39,-15	517.295	-12.37,50.86,-1.54,22.0018
724.001	place	mcl_colorblocks:hardened_clay_orange	-29,38,-29	-	-15.03,51.27,-8.80,21.3121
725.317	place	mcl_books:bookshelf	-5,38,-35	-	-16.04,50.43,-15.67,22.5254
726.633	place	mcl_core:gravel	5,41,-3	-	-9.90,51.61,-17.32,24.3476
727.939	place	mcl_core:mossycobble	-8,40,15	-	-7.96,53.10,-10.03,25.2999
730.570	redig	mcl_core:mossycobble	-34,41,8	463.359	-19.47,51.28,-1.28,26.7035
731.884	place	mcl_books:bookshelf	-25,39,26	-	-23.21,48.89,4.65,25.1657
733.198	redig	mcl_core:birchwood	0,41,1	539.680	-16.86,49.20,6.32,23.0852
734.512	redig	mcl_books:bookshelf	-11,40,-15	431.771	-12.37,50.65,0.13,22.2221
735.829	redig	mcl_core:gravel	-14,41,-22	146.124	-13.45,51.54,-7.53,21.5202
737.148	place	mcl_core:birchwood	-8,37,-34	-	-17.03,50.77,-14.17,22.2001
738.471	place	mcl_core:gravel	12,40,-11	-	-11.92,53.07,-18.85,23.9090
739.786	place	mcl_core:brick_block	-4,42,-2	-	-8.30,51.33,-12.29,25.1060
741.106	place	mcl_core:mossycobble	-27,42,17	-	-11.23,56.22,-5.15,25.8869
742.422	place	mcl_core:gravel	-38,34,5	-	-18.22,51.92,-1.84,26.5832
743.740	place	mcl_core:birchwood	-27,38,21	-	-22.68,49.39,3.36,25.2162
745.058	place	mcl_core:gravel	-2,41,6	-	-17.66,49.12,7.02,23.2722
746.377	place	mcl_core:birchwood	-8,47,-6	-	-12.24,50.58,1.62,22.3573
747.699	place	mcl_core:mossycobble	-18,41,-22	-	-12.50,51.66,-6.12,21.6113
749.015	place	mcl_books:bookshelf	-24,38,-34	-	-17.13,51.11,-12.40,21.6840
750.329	place	mcl_core:mossycobble	10,39,-25	-	-13.64,53.63,-18.96,23.2963
751.640	redig	mcl_colorblocks:hardened_clay_orange	-6,41,-4	490.982	-8.46,51.52,-13.96,24.8928
754.276	place	mcl_core:birchwood	-33,35,1	-	-15.96,52.96,-1.58,26.3708
755.643	place	mcl_core:mossycobble	-25,38,18	-	-22.74,49.69,1.69,25.4972
756.954	redig	mcl_colorblocks:hardened_clay_orange	-5,41,4	642.360	-20.14,48.80,7.48,23.5930
758.269	place	mcl_books:bookshelf	-9,48,-4	-	-13.73,50.32,3.46,22.5509
759.586	redig	mcl_core:birchwood	-15,39,-14	125.075	-12.50,51.54,-4.17,21.8034
760.904	place	mcl_core:gravel	-31,38,-26	-	-16.34,51.17,-10.95,21.2733
763.532	redig	mcl_core:gravel	5,41,-6	484.405	-8.85,51.43,-15.23,24.7166
766.181	place	mcl_core:mossycobble	-36,41,7	-	-15.20,53.73,-2.48,26.3359
767.494	place	mcl_core:brick_block	-25,37,16	-	-22.01,50.14,0.40,25.4972
768.805	place	mcl_books:bookshelf	-5,40,12	-	-20.64,48.99,7.19,23.8740
770.125	redig	mcl_core:mossycobble	1,41,-1	581.812	-13.70,50.22,4.29,22.6854
771.439	redig	mcl_core:birchwood	-15,39,-15	456.782	-11.69,51.24,-3.12,21.8913
772.754	place	mcl_core:gravel	-34,37,-27	-	-15.04,51.76,-10.11,21.2232
774.070	place	mcl_core:gravel	-4,37,-38	-	-16.00,51.65,-16.96,22.5097
775.381	place	mcl_core:mossycobble	1,41,-1	-	-9.89,51.80,-16.88,24.5131
776.696	place	mcl_books:bookshelf	-16,40,14	-	-8.94,53.24,-9.32,25.4229
778.011	place	mcl_core:mossycobble	-29,37,3	-	-13.78,53.96,-3.31,26.1559
779.345	place	mcl_core:brick_block	-39,36,17	-	-21.25,50.41,-0.78,25.9315
780.660	place	mcl_core:mossycobble	-14,39,15	-	-22.00,48.90,6.62,24.3756
781.975	place	mcl_core:birchwood	-9,46,-3	-	-14.83,49.80,5.50,22.8450
783.288	place	mcl_core:mossycobble	-10,39,-22	-	-11.74,50.98,-1.53,22.0390
784.611	place	mcl_core:gravel	-28,38,-29	-	-14.16,51.67,-8.92,21.3391
785.925	place	mcl_core:mossycobble	-8,37,-33	-	-16.72,50.57,-15.50,22.3864
787.237	place	mcl_core:mossycobble	0,41,-9	-	-10.87,52.38,-17.88,24.2651
788.551	place	mcl_core:mossycobble	-12,40,9	-	-8.67,51.65,-10.64,25.2890
791.189	place	mcl_core:gravel	-39,34,4	-	-20.16,50.76,-1.53,26.5379
792.504	redig	mcl_core:birchwood	-15,40,20	25.081	-22.75,48.85,5.35,24.9466
793.819	place	mcl_core:brick_block	0,41,-2	-	-15.90,49.41,6.04,23.0028
795.135	place	mcl_core:mossycobble	-8,39,-21	-	-11.84,50.86,-0.46,22.1647
796.450	place	mcl_core:mossycobble	-23,38,-24	-	-13.31,51.59,-8.06,21.4731
797.763	place	mcl_colorblocks:hardened_clay_orange	-8,37,-38	-	-16.94,50.79,-14.55,22.2017
799.076	place	mcl_core:mossycobble	7,42,-7	-	-11.75,53.18,-18.79,23.9974
800.390	place	mcl_core:mossycobble	-11,40,-2	-	-8.39,51.36,-12.06,25.1343
803.021	place	mcl_core:brick_block	-41,34,4	-	-18.62,51.60,-1.88,26.5447
804.336	place	mcl_core:mossycobble	-27,38,25	-	-22.62,49.37,3.76,25.1798
805.681	redig	mcl_core:mossycobble	-7,41,7	635.786	-17.11,49.28,6.90,23.1995
806.997	place	mcl_core:birchwood	-14,41,-3	-	-12.14,50.73,1.11,22.2896
808.319	place	mcl_core:mossycobble	-14,39,-14	-	-12.71,51.59,-6.64,21.5928
809.632	redig	mcl_colorblocks:hardened_clay_orange	-28,37,-24	481.774	-17.18,51.07,-12.98,21.8238
810.949	place	mcl_core:mossycobble	8,39,-19	-	-13.30,53.76,-19.14,23.5205
812.283	place	mcl_colorblocks:hardened_clay_orange	-8,41,7	-	-8.55,51.50,-13.42,24.9802
814.915	place	mcl_colorblocks:hardened_clay_orange	-38,34,0	-	-16.95,52.39,-1.58,26.4295
816.264	place	mcl_core:brick_block	-26,42,15	-	-22.92,49.44,2.53,25.3798
817.579	place	mcl_books:bookshelf	-7,42,9	-	-19.13,48.84,7.39,23.4181
818.895	place	mcl_core:birchwood	-6,46,-7	-	-13.12,50.40,2.69,22.4757
820.209	redig	mcl_colorblocks:hardened_clay_orange	-25,37,-17	30.339	-12.53,51.90,-4.98,21.7154
821.529	place	mcl_core:mossycobble	-27,38,-32	-	-16.88,51.07,-11.50,21.3784
824.158	redig	mcl_core:birchwood	3,41,-3	181.678	-8.56,51.55,-14.72,24.7906
826.774	place	mcl_books:bookshelf	-29,36,4	-	-15.14,53.80,-2.05,26.3070
828.092	redig	mcl_colorblocks:hardened_clay_orange	-36,35,8	717.425	-22.23,50.15,0.45,25.6130
829.408	place	mcl_core:mossycobble	-6,40,12	-	-21.14,48.76,7.23,23.8776
830.722	redig	mcl_core:brick_block	-8,47,-4	176.423	-14.24,50.14,4.33,22.6848
832.036	redig	mcl_books:bookshelf	-18,39,-14	347.550	-12.07,51.20,-3.06,21.9237
833.349	place	mcl_core:gravel	-32,37,-22	-	-15.29,51.67,-10.07,21.2271
834.667	place	mcl_core:gravel	-6,37,-38	-	-15.56,51.69,-17.00,22.5652
835.995	place	mcl_core:gravel	4,41,-1	-	-9.38,51.50,-16.67,24.5397
837.313	place	mcl_core:gravel	-13,40,12	-	-8.51,54.12,-9.06,25.4225
839.951	place	mcl_colorblocks:hardened_clay_orange	-35,41,8	-	-20.78,50.75,-0.78,26.3722
841.267	redig	mcl_colorblocks:hardened_clay_orange	-25,38,22	343.616	-23.11,48.67,6.22,24.6604
842.583	redig	mcl_core:mossycobble	-12,40,-3	558.114	-16.02,49.39,6.02,22.9283
843.897	redig	mcl_core:gravel	-8,40,-17	371.235	-12.38,50.84,-0.73,22.1146
845.214	redig	mcl_core:gravel	-18,41,-21	408.081	-14.04,51.65,-8.32,21.4687
846.528	place	mcl_core:gravel	-6,37,-34	-	-16.41,50.64,-15.23,22.3335
847.841	place	mcl_books:bookshelf	9,41,-10	-	-10.76,52.37,-18.47,24.1543
849.155	place	mcl_core:mossycobble	-12,40,-6	-	-7.96,51.65,-11.43,25.1882
850.470	place	mcl_core:brick_block	-26,37,17	-	-11.34,56.66,-4.50,25.9338
851.782	place	mcl_core:brick_block	-43,40,-1	-	-18.40,51.97,-1.33,26.5903
853.099	redig	mcl_core:birchwood	-30,42,16	329.142	-23.08,49.15,3.76,25.2470
854.415	place	mcl_core:birchwood	0,41,1	-	-17.87,49.05,7.07,23.2316
855.729	place	mcl_core:brick_block	-8,47,-8	-	-12.69,50.55,1.48,22.3190
857.046	place	mcl_core:brick_block	-22,38,-16	-	-13.16,51.81,-6.24,21.5883
858.361	place	mcl_core:birchwood	-17,38,-35	-	-17.26,50.65,-12.80,21.9860
859.676	place	mcl_core:mossycobble	10,40,-19	-	-12.75,53.11,-18.67,23.5442
860.998	redig	mcl_core:mossycobble	-4,41,-1	412.029	-8.09,51.31,-12.95,24.9835
862.315	place	mcl_books:bookshelf	-24,38,10	-	-10.29,56.16,-5.58,25.7965
864.945	place	mcl_core:gravel	-26,37,11	-	-22.92,49.51,2.14,25.4204
866.261	redig	mcl_colorblocks:hardened_clay_orange	-7,41,1	576.553	-19.52,48.79,7.34,23.4724
867.574	place	mcl_core:brick_block	-13,40,-7	-	-13.40,50.42,2.86,22.4993
868.891	place	mcl_books:bookshelf	-17,39,-15	-	-12.50,51.72,-4.82,21.7594
870.206	place	mcl_core:birchwood	-35,37,-28	-	-16.71,51.27,-11.36,21.2307
872.836	redig	mcl_core:brick_block	-9,48,-5	346.234	-8.70,51.53,-15.10,24.7613
875.463	place	mcl_core:brick_block	-32,35,3	-	-15.57,53.31,-2.65,26.3338
876.781	redig	mcl_core:brick_block	-31,36,8	6.594	-22.06,49.99,0.83,25.4609
878.081	place	mcl_books:bookshelf	-6,41,11	-	-20.28,49.08,7.37,23.8048
879.398	place	mcl_core:birchwood	-10,46,-3	-	-13.46,50.21,4.19,22.6459
880.711	place	mcl_core:birchwood	-17,38,-23	-	-11.56,51.23,-3.27,21.8880
882.026	place	mcl_core:birchwood	-27,38,-25	-	-15.05,51.91,-10.16,21.1827
883.340	place	mcl_books:bookshelf	-3,37,-35	-	-16.10,51.75,-16.88,22.5213
884.655	place	mcl_core:birchwood	-3,41,2	-	-9.96,51.85,-16.79,24.5146
885.969	place	mcl_core:birchwood	-19,39,13	-	-9.01,53.21,-9.22,25.4099
889.913	redig	mcl_core:birchwood	-16,39,15	583.125	-22.42,48.73,6.71,24.5001
891.230	place	mcl_core:birchwood	-1,41,-3	-	-15.26,49.68,5.96,22.8825
892.545	place	mcl_books:bookshelf	-7,39,-20	-	-11.88,50.92,-0.94,22.0753
893.872	place	mcl_books:bookshelf	-27,38,-28	-	-13.96,51.81,-8.47,21.4036
895.184	place	mcl_core:gravel	-6,36,-39	-	-16.61,50.80,-15.13,22.3666
896.499	place	mcl_core:brick_block	4,41,-7	-	-10.88,52.39,-18.32,24.1561
897.813	place	mcl_core:birchwood	-7,46,-4	-	-8.10,51.66,-11.27,25.1939
899.130	place	mcl_core:birchwood	-30,42,15	-	-11.50,56.71,-4.33,25.9371
900.446	redig	mcl_books:bookshelf	-29,36,4	826.774	-18.59,51.81,-1.20,26.6062
901.761	redig	mcl_colorblocks:hardened_clay_orange	-21,38,17	130.327	-23.06,49.12,4.10,25.2280
903.077	place	mcl_colorblocks:hardened_clay_orange	-3,41,-2	-	-17.55,49.12,7.01,23.1978
904.393	place	mcl_core:birchwood	-6,47,-8	-	-12.35,50.66,1.37,22.3556
905.707	redig	mcl_core:birchwood	-8,39,-23	322.559	-12.33,51.85,-6.35,21.6619
907.022	place	mcl_books:bookshelf	-26,38,-32	-	-16.98,51.18,-12.59,21.5283
909.651	place	mcl_core:birchwood	-5,41,-2	-	-8.85,51.60,-13.91,24.9285
912.286	place	mcl_core:brick_block	-32,35,8	-	-17.05,52.01,-2.02,26.4112
913.598	redig	mcl_books:bookshelf	-31,37,17	294.882	-22.48,49.87,2.50,25.3392
914.908	place	mcl_core:birchwood	-2,41,5	-	-18.88,48.95,7.61,23.4517
916.222	place	mcl_core:mossycobble	-7,41,0	-	-12.82,50.40,3.03,22.4902
917.540	place	mcl_books:bookshelf	-11,39,-17	-	-11.94,51.76,-4.65,21.7624
918.856	place	mcl_core:birchwood	-33,37,-23	-	-16.25,51.66,-11.08,21.1257
921.483	place	mcl_books:bookshelf	-5,41,-5	-	-9.32,51.73,-15.44,24.7080
924.111	place	mcl_core:birchwood	-35,42,5	-	-15.52,52.64,-2.69,26.3196
925.423	place	mcl_colorblocks:hardened_clay_orange	-24,38,12	-	-22.05,49.89,0.62,25.4457
926.760	place	mcl_colorblocks:hardened_clay_orange	-10,40,14	-	-20.21,49.04,7.34,23.7831
928.075	place	mcl_core:birchwood	-6,41,1	-	-13.43,50.25,4.07,22.6407
929.400	place	mcl_core:gravel	-9,39,-19	-	-11.57,51.26,-3.46,21.8784
930.748	place	mcl_core:brick_block	-30,37,-30	-	-15.24,51.88,-10.48,21.1688
932.064	redig	mcl_core:gravel	-11,37,-34	592.328	-15.61,52.32,-17.39,22.5520
933.380	place	mcl_core:birchwood	-2,41,0	-	-9.48,51.66,-16.70,24.5702
934.698	place	mcl_core:gravel	-19,38,16	-	-8.83,54.04,-9.06,25.4441
936.012	place	mcl_core:brick_block	-30,36,10	-	-13.77,54.52,-3.14,26.1709
938.641	place	mcl_core:birchwood	-10,40,15	-	-22.27,48.75,6.35,24.3888
939.959	redig	mcl_core:birchwood	-9,41,-1	383.075	-15.07,49.74,5.28,22.8565
941.276	place	mcl_core:mossycobble	-7,40,-17	-	-11.78,50.95,-1.69,22.0694
942.601	place	mcl_core:birchwood	-23,38,-25	-	-14.01,51.95,-9.15,21.3583
943.915	redig	mcl_core:mossycobble	-10,39,-22	783.288	-16.51,51.00,-15.79,22.3627
945.232	place	mcl_colorblocks:hardened_clay_orange	1,42,-3	-	-10.66,52.42,-18.16,24.2767
946.549	redig	mcl_core:birchwood	-14,41,-3	806.997	-8.48,52.29,-10.87,25.2816
949.190	place	mcl_core:mossycobble	-44,38,-1	-	-19.87,51.00,-1.61,26.5299
950.523	place	mcl_books:bookshelf	-22,38,24	-	-22.86,48.85,5.08,25.1129
951.845	place	mcl_core:birchwood	-2,41,-5	-	-16.17,49.36,6.18,23.0296
953.177	place	mcl_core:birchwood	-13,41,-20	-	-12.01,50.90,-0.36,22.1660
954.526	place	mcl_core:birchwood	-25,38,-28	-	-13.52,51.82,-8.15,21.4664
955.845	place	mcl_core:brick_block	-8,37,-36	-	-16.92,50.84,-14.73,22.2377
957.162	place	mcl_core:birchwood	8,42,-7	-	-11.54,52.99,-18.56,24.0698
958.475	place	mcl_books:bookshelf	-5,41,0	-	-8.46,51.33,-11.69,25.1714
959.800	place	mcl_core:birchwood	-31,36,10	-	-11.71,55.71,-4.62,25.9048
961.115	place	mcl_core:birchwood	-43,34,3	-	-18.69,51.61,-1.30,26.5944
962.426	place	mcl_core:gravel	-21,38,22	-	-23.10,49.04,4.06,25.2266
963.745	place	mcl_books:bookshelf	-5,42,2	-	-17.59,49.10,6.97,23.1956
965.059	place	mcl_core:brick_block	-10,41,-2	-	-12.39,50.63,1.35,22.3519
966.370	redig	mcl_core:brick_block	-13,41,-21	650.282	-12.48,51.80,-6.36,21.6491
967.686	place	mcl_core:mossycobble	-24,37,-37	-	-16.96,51.17,-12.74,21.6924
969.027	place	mcl_core:birchwood	9,39,-23	-	-13.36,53.79,-19.32,23.4090
970.341	place	mcl_core:brick_block	-10,47,-6	-	-8.41,51.55,-14.01,24.9282
972.975	place	mcl_core:mossycobble	-31,35,6	-	-16.42,52.69,-1.95,26.4003
974.290	place	mcl_core:birchwood	-23,38,15	-	-22.43,49.95,1.85,25.3920
975.605	place	mcl_core:gravel	-6,41,5	-	-19.53,48.94,7.63,23.5734
976.947	place	mcl_core:birchwood	-11,40,0	-	-13.10,50.39,3.39,22.5205
978.264	place	mcl_core:gravel	-12,40,-14	-	-12.06,51.77,-4.28,21.7867
979.579	place	mcl_colorblocks:hardened_clay_orange	-35,37,-27	-	-16.16,51.52,-10.85,21.1822
982.207	place	mcl_books:bookshelf	-4,41,-4	-	-9.04,51.49,-15.63,24.6765
984.840	place	mcl_core:gravel	-30,36,2	-	-14.59,54.08,-2.47,26.2440
986.152	place	mcl_core:mossycobble	-35,37,19	-	-21.86,50.29,-0.09,25.7419
987.468	redig	mcl_books:bookshelf	-9,39,18	308.067	-21.57,48.74,7.03,24.0595
988.782	place	mcl_books:bookshelf	-6,48,-9	-	-14.48,50.01,4.83,22.7586
990.095	place	mcl_core:brick_block	-12,38,-24	-	-11.83,51.10,-2.39,21.9854
991.410	place	mcl_core:birchwood	-28,37,-24	-	-14.58,51.89,-9.62,21.3012
992.727	place	mcl_books:bookshelf	-9,37,-38	-	-16.18,51.29,-16.42,22.4576
994.045	place	mcl_books:bookshelf	1,41,-6	-	-10.11,51.95,-17.35,24.4330
995.362	place	mcl_core:brick_block	-15,39,11	-	-8.67,53.25,-9.86,25.3674
997.991	place	mcl_core:birchwood	-32,35,4	-	-20.63,50.70,-1.28,26.3233
999.307	redig	mcl_colorblocks:hardened_clay_orange	-25,38,23	210.641	-22.71,48.72,5.90,24.7790
1000.621	place	mcl_core:birchwood	-3,41,-3	-	-15.71,49.43,6.08,22.9612
1001.936	place	mcl_books:bookshelf	-9,39,-21	-	-11.92,50.90,-0.59,22.1281
1003.252	place	mcl_core:gravel	-22,38,-25	-	-13.68,51.81,-8.12,21.4309
1004.567	place	mcl_core:birchwood	-13,37,-34	-	-16.96,50.79,-14.67,22.3007
1005.886	place	mcl_core:mossycobble	2,41,-10	-	-11.43,52.82,-18.40,24.0756
1007.200	place	mcl_core:birchwood	-11,46,-4	-	-8.35,51.35,-11.51,25.1735
1009.832	place	mcl_core:gravel	-42,34,3	-	-18.88,51.51,-1.49,26.5526
1011.150	place	mcl_core:birchwood	-28,39,27	-	-22.88,49.09,4.34,25.1929
1012.469	place	mcl_colorblocks:hardened_clay_orange	-8,41,3	-	-17.28,49.23,7.15,23.1803
1013.783	place	mcl_core:mossycobble	-6,41,-4	-	-12.22,50.67,1.40,22.3281
1015.099	place	mcl_core:gravel	-14,41,-16	-	-12.37,51.85,-6.35,21.6597
1016.447	redig	mcl_core:mossycobble	-27,37,-22	10.554	-16.91,51.09,-12.91,21.6897
1017.763	redig	mcl_core:birchwood	-6,44,-23	589.700	-13.55,54.13,-19.40,23.4023
1019.078	redig	mcl_core:brick_block	2,41,-3	666.110	-8.59,51.54,-14.11,24.9363
1021.707	redig	mcl_core:gravel	-27,37,12	498.872	-16.40,52.52,-1.90,26.3807
1023.020	place	mcl_core:birchwood	-23,38,18	-	-22.45,49.92,1.96,25.4237
1024.359	place	mcl_core:birchwood	-7,40,11	-	-19.59,48.89,7.85,23.5663
1025.677	place	mcl_core:gravel	-9,48,-5	-	-13.19,50.32,3.73,22.5583
1026.993	redig	mcl_core:brick_block	-15,44,-21	638.417	-11.88,51.56,-3.86,21.8116
1028.306	place	mcl_core:birchwood	-37,36,-22	-	-15.87,51.52,-10.48,21.1491
1030.938	place	mcl_core:birchwood	-5,41,-12	-	-9.48,51.67,-15.70,24.6320
1033.570	place	mcl_core:mossycobble	-33,35,9	-	-14.45,53.89,-2.29,26.1956
1034.886	redig	mcl_books:bookshelf	-26,42,14	283.020	-21.73,50.29,0.22,25.8165
1036.203	place	mcl_books:bookshelf	-7,40,14	-	-21.80,48.76,7.24,24.0655
1037.518	place	mcl_core:birchwood	-6,42,-3	-	-14.72,49.95,5.02,22.7577
1038.832	place	mcl_core:birchwood	-9,39,-20	-	-11.98,51.08,-2.18,22.0089
1040.145	place	mcl_core:birchwood	-26,38,-29	-	-14.44,51.84,-9.53,21.3580
1041.461	place	mcl_books:bookshelf	-7,37,-38	-	-16.36,51.24,-16.36,22.4117
1042.775	redig	mcl_colorblocks:hardened_clay_orange	-2,41,-3	460.732	-10.37,52.29,-17.79,24.3782
1044.091	redig	mcl_core:mossycobble	-8,41,0	285.649	-8.52,52.68,-10.38,25.2896
1046.719	place	mcl_books:bookshelf	-45,38,1	-	-19.65,51.15,-0.97,26.6535
1048.034	redig	mcl_core:mossycobble	-27,42,17	741.106	-23.46,48.84,5.04,25.1677
1049.349	place	mcl_core:birchwood	-6,41,-1	-	-17.11,49.21,6.66,23.0831
1050.666	place	mcl_core:gravel	-10,39,-23	-	-12.54,50.73,0.50,22.2445
1051.979	place	mcl_core:birchwood	-20,38,-26	-	-13.36,51.82,-7.19,21.5609
1053.294	redig	mcl_colorblocks:hardened_clay_orange	-24,38,-29	493.612	-17.07,50.84,-13.82,22.1557
1054.608	place	mcl_colorblocks:hardened_clay_orange	6,40,-15	-	-12.21,53.20,-18.83,23.8325
1055.926	place	mcl_core:birchwood	-6,41,-5	-	-8.34,51.40,-12.44,25.0903
1057.241	place	mcl_colorblocks:hardened_clay_orange	-24,38,15	-	-11.22,56.15,-5.30,25.8778
1058.557	place	mcl_core:mossycobble	-39,34,-2	-	-18.13,51.96,-1.80,26.5570
1059.871	redig	mcl_colorblocks:hardened_clay_orange	-24,38,12	925.423	-22.82,49.28,3.27,25.2443
1061.188	place	mcl_core:gravel	-2,42,8	-	-17.88,49.08,6.98,23.2766
1062.502	place	mcl_colorblocks:hardened_clay_orange	-14,40,-6	-	-12.50,50.57,1.59,22.3660
1063.818	place	mcl_core:birchwood	-20,38,-17	-	-12.58,51.77,-6.13,21.6389
1065.134	redig	mcl_core:gravel	-30,37,-24	591.014	-17.07,51.24,-12.51,21.7059
1067.761	redig	mcl_core:birchwood	-3,41,2	884.655	-8.50,51.53,-14.12,24.9140
1071.731	place	mcl_core:gravel	-24,38,25	-	-22.38,49.78,2.02,25.3078
1073.100	place	mcl_core:brick_block	-9,40,9	-	-18.44,49.17,7.14,23.4073
1074.440	place	mcl_books:bookshelf	-11,40,-3	-	-12.42,50.53,2.24,22.4488
1075.757	redig	mcl_core:gravel	-9,39,-19	929.400	-11.84,51.99,-5.47,21.7360
1077.074	redig	mcl_colorblocks:hardened_clay_orange	-23,38,-17	51.396	-16.32,51.57,-11.79,21.0736
1079.703	place	mcl_core:birchwood	-6,47,-10	-	-9.15,51.67,-15.28,24.7805
1082.335	place	mcl_core:mossycobble	-36,36,4	-	-15.42,52.93,-2.29,26.2851
1083.648	redig	mcl_core:brick_block	-32,35,8	912.286	-22.22,49.94,0.76,25.5735
1084.966	redig	mcl_colorblocks:hardened_clay_orange	-10,40,14	926.760	-20.73,48.76,7.34,23.7946
1086.299	redig	mcl_core:brick_block	-8,47,-8	855.729	-13.89,50.19,3.98,22.6392
1087.618	place	mcl_core:birchwood	-12,39,-21	-	-12.08,51.37,-3.53,21.8695
1088.931	place	mcl_core:birchwood	-33,37,-29	-	-15.65,51.66,-10.37,21.2034
1090.250	place	mcl_core:gravel	-2,37,-37	-	-15.62,52.19,-17.30,22.5898
1091.565	redig	mcl_core:birchwood	-7,46,-4	897.813	-9.47,51.66,-16.14,24.5990
1094.201	place	mcl_core:birchwood	-32,37,10	-	-14.50,53.74,-2.89,26.2344
1095.532	place	mcl_colorblocks:hardened_clay_orange	-30,42,14	-	-21.78,50.19,-0.19,25.6935
1096.847	place	mcl_core:mossycobble	-11,40,15	-	-21.37,48.89,6.95,24.0553
1098.163	redig	mcl_core:gravel	-4,41,-3	188.257	-14.28,50.05,4.70,22.7518
1099.477	place	mcl_core:birchwood	-14,41,-21	-	-11.75,51.12,-2.55,21.9613
1100.792	place	mcl_core:brick_block	-30,37,-25	-	-14.66,51.90,-9.73,21.2899
1102.106	place	mcl_core:brick_block	-10,36,-41	-	-16.25,51.45,-16.50,22.4621
1103.422	redig	mcl_books:bookshelf	-6,41,-6	388.338	-10.18,52.12,-17.40,24.4331
1104.738	place	mcl_core:mossycobble	-14,40,10	-	-8.80,52.58,-9.91,25.3774
1107.402	place	mcl_core:mossycobble	-37,35,7	-	-20.98,50.53,-1.22,26.1700
1108.728	redig	mcl_core:gravel	-21,38,22	962.426	-22.36,48.72,6.13,24.5073
1110.044	redig	mcl_colorblocks:hardened_clay_orange	-3,41,-5	248.820	-15.19,49.68,5.47,22.8865
1111.357	place	mcl_colorblocks:hardened_clay_orange	-14,38,-23	-	-11.92,50.89,-1.44,22.0520
1112.672	place	mcl_books:bookshelf	-29,38,-30	-	-14.17,51.82,-8.85,21.3812
1113.987	place	mcl_books:bookshelf	-9,37,-35	-	-16.52,50.88,-15.60,22.3815
1115.304	place	mcl_colorblocks:hardened_clay_orange	4,41,-5	-	-10.65,52.29,-17.96,24.2748
1116.619	redig	mcl_core:mossycobble	-9,41,6	684.521	-8.40,52.29,-10.70,25.2672
1119.248	place	mcl_core:mossycobble	-41,34,3	-	-19.57,51.24,-1.30,26.5829
1120.561	redig	mcl_core:birchwood	-28,42,13	680.578	-23.07,48.91,4.93,25.1532
1121.874	redig	mcl_core:birchwood	-4,41,-6	369.920	-16.72,49.27,6.54,23.0771
1123.191	place	mcl_core:mossycobble	-12,39,-18	-	-12.27,50.79,0.30,22.2177
1124.506	redig	mcl_core:gravel	-20,38,-18	396.241	-13.37,51.77,-7.36,21.5259
1125.820	place	mcl_colorblocks:hardened_clay_orange	-9,36,-40	-	-16.86,50.83,-14.04,22.1975
1127.133	place	mcl_books:bookshelf	10,40,-11	-	-11.87,52.96,-18.96,23.8396
1128.449	redig	mcl_core:gravel	-11,46,-5	297.530	-8.05,51.34,-12.55,25.0922
1129.763	place	mcl_core:brick_block	-23,38,12	-	-10.86,56.23,-5.39,25.8639
1131.079	place	mcl_core:brick_block	-38,34,-2	-	-17.70,52.10,-1.74,26.5397
1132.400	redig	mcl_core:gravel	-29,43,14	234.343	-22.80,49.36,2.93,25.2839
1133.715	redig	mcl_core:brick_block	-7,41,10	425.176	-18.24,48.96,7.05,23.3212
1135.029	place	mcl_core:brick_block	-14,40,-7	-	-12.65,50.51,1.88,22.3903
1136.343	redig	mcl_core:mossycobble	-15,45,-18	699.015	-12.59,51.74,-5.83,21.6579
1137.670	place	mcl_core:mossycobble	-25,38,-33	-	-17.12,51.11,-12.27,21.6256
1138.998	redig	mcl_colorblocks:hardened_clay_orange	-7,43,-25	96.133	-13.58,53.52,-18.86,23.3098
1140.315	redig	mcl_core:gravel	-10,46,-4	376.491	-8.46,51.45,-13.81,24.9265
1144.259	place	mcl_colorblocks:hardened_clay_orange	-29,43,23	-	-22.53,49.73,1.92,25.3279
1145.574	redig	mcl_core:birchwood	-7,40,11	1024.359	-18.94,48.92,7.09,23.4636
1146.890	redig	mcl_core:mossycobble	-12,40,-6	849.155	-12.88,50.45,2.53,22.4689
1148.205	redig	mcl_core:birchwood	-22,38,-15	614.735	-12.30,51.80,-5.15,21.7119
1149.520	place	mcl_books:bookshelf	-33,37,-31	-	-16.74,51.38,-11.55,21.3347
1152.157	place	mcl_core:mossycobble	-8,47,-8	-	-8.52,51.52,-14.80,24.7925
1154.787	place	mcl_colorblocks:hardened_clay_orange	-31,35,1	-	-15.15,53.64,-2.08,26.3068
1156.105	place	mcl_core:brick_block	-29,37,10	-	-22.23,50.12,0.51,25.6498
1157.417	place	mcl_core:brick_block	-6,40,13	-	-21.26,48.76,7.26,23.8839
1158.733	place	mcl_core:brick_block	-10,46,-7	-	-14.35,50.17,4.36,22.6785
1160.053	place	mcl_core:mossycobble	-16,48,-19	-	-12.32,51.15,-3.09,21.8932
1161.368	place	mcl_core:mossycobble	-30,37,-23	-	-15.74,51.27,-10.04,21.2699
1162.708	place	mcl_core:mossycobble	-4,36,-40	-	-15.37,52.04,-17.11,22.6077
1164.055	redig	mcl_core:birchwood	-2,41,-5	951.845	-9.11,51.46,-15.97,24.6087
1166.724	place	mcl_core:gravel	-29,36,8	-	-14.17,54.36,-2.45,26.2080
1168.072	redig	mcl_core:mossycobble	-33,35,9	1033.570	-21.78,50.35,-0.23,25.8852
1169.404	redig	mcl_books:bookshelf	-12,39,19	368.605	-21.94,48.68,6.88,24.0777
1170.723	place	mcl_core:mossycobble	-12,40,-4	-	-14.81,49.99,4.75,22.7667
1172.038	place	mcl_core:mossycobble	-13,41,-21	-	-12.16,51.07,-2.47,21.9715
1173.354	place	mcl_core:mossycobble	-27,37,-23	-	-15.11,51.58,-9.61,21.2491
1174.666	place	mcl_books:bookshelf	-8,36,-39	-	-16.07,51.12,-16.36,22.5383
1175.983	redig	mcl_core:mossycobble	-1,41,-2	660.812	-9.89,51.66,-16.68,24.4699
1177.299	place	mcl_colorblocks:hardened_clay_orange	-13,40,8	-	-8.56,53.96,-9.16,25.3620
1179.935	place	mcl_core:mossycobble	-42,38,-1	-	-20.56,50.87,-0.89,26.5453
1181.251	redig	mcl_books:bookshelf	-21,39,23	131.645	-23.13,48.71,5.90,24.6763
1182.566	redig	mcl_core:birchwood	-11,46,-4	1007.200	-16.05,49.38,5.80,22.9485
1183.881	place	mcl_colorblocks:hardened_clay_orange	-11,39,-18	-	-12.16,50.76,-0.83,22.1541
1185.210	redig	mcl_core:birchwood	-18,44,-18	31.655	-13.73,51.81,-8.49,21.4546
1186.547	place	mcl_core:brick_block	-12,37,-32	-	-16.57,50.86,-15.30,22.3221
1187.866	place	mcl_core:gravel	2,41,-4	-	-10.86,52.49,-18.19,24.2112
1189.183	place	mcl_core:mossycobble	-11,40,-7	-	-8.40,52.03,-11.01,25.2527
1191.811	place	mcl_core:mossycobble	-44,35,4	-	-19.49,51.17,-1.57,26.5618
1193.133	redig	mcl_core:gravel	-23,38,17	619.995	-22.82,48.99,4.79,25.1390
1194.447	redig	mcl_core:mossycobble	-7,46,-5	606.830	-16.44,49.34,6.41,23.0840
1195.762	place	mcl_core:brick_block	-7,46,-6	-	-11.87,50.90,0.25,22.2533
1197.074	place	mcl_core:brick_block	-25,38,-26	-	-12.68,51.65,-7.42,21.5478
1198.386	redig	mcl_colorblocks:hardened_clay_orange	-24,38,-28	675.314	-17.09,50.95,-13.69,21.9512
1199.700	place	mcl_colorblocks:hardened_clay_orange	10,40,-16	-	-12.88,53.71,-19.27,23.7183
1201.015	place	mcl_core:brick_block	-12,40,-7	-	-8.65,51.53,-13.18,25.0351
1202.329	place	mcl_core:gravel	-30,42,16	-	-11.12,54.69,-5.90,25.8269
1204.960	redig	mcl_core:gravel	-31,36,14	438.352	-22.61,49.50,3.04,25.2498
1206.276	redig	mcl_core:brick_block	-6,41,8	563.384	-17.94,49.07,7.09,23.3156
1207.591	redig	mcl_core:brick_block	-7,50,-9	569.966	-12.43,50.52,1.85,22.3736
1208.905	place	mcl_core:mossycobble	-18,41,-21	-	-12.59,51.60,-5.85,21.6162
1210.227	place	mcl_core:brick_block	-20,37,-38	-	-17.15,50.93,-12.23,21.7198
1211.541	place	mcl_core:mossycobble	13,39,-25	-	-13.40,53.19,-18.70,23.2970
1212.856	redig	mcl_core:gravel	-5,41,1	467.305	-8.21,51.50,-13.70,24.8918
1215.481	redig	mcl_core:gravel	-29,37,1	69.815	-15.72,53.18,-1.40,26.3671
1216.799	redig	mcl_core:birchwood	-30,42,15	899.130	-22.68,49.88,1.21,25.6371
1218.118	place	mcl_core:brick_block	-6,41,9	-	-20.76,48.76,7.31,23.6692
1219.436	redig	mcl_core:brick_block	-8,46,-3	236.973	-14.12,50.14,3.64,22.6111
1220.754	place	mcl_core:birchwood	-17,39,-14	-	-12.55,51.31,-3.90,21.8294
1222.068	place	mcl_core:birchwood	-36,37,-24	-	-16.35,51.05,-10.68,21.2854
1224.693	place	mcl_core:brick_block	-5,41,-13	-	-8.81,51.55,-15.46,24.6797
1227.330	place	mcl_colorblocks:hardened_clay_orange	-33,42,7	-	-14.49,53.96,-2.31,26.2372
1228.645	place	mcl_core:brick_block	-37,36,16	-	-21.78,50.26,0.07,25.7628
1229.959	place	mcl_core:brick_block	-9,41,14	-	-21.72,48.74,7.13,24.0650
1231.274	place	mcl_core:mossycobble	-8,46,-3	-	-14.63,49.98,4.93,22.7563
1232.590	place	mcl_core:mossycobble	-14,41,-22	-	-12.11,51.03,-2.34,21.9571
1233.890	place	mcl_core:brick_block	-28,38,-26	-	-15.03,51.49,-9.41,21.2740
1235.210	place	mcl_core:brick_block	-2,37,-32	-	-15.97,51.34,-16.31,22.5154
1236.526	place	mcl_colorblocks:hardened_clay_orange	1,41,0	-	-9.83,51.88,-17.09,24.4438
1237.842	place	mcl_core:mossycobble	-11,40,13	-	-8.43,53.57,-9.59,25.3547
1240.470	place	mcl_core:brick_block	-40,34,-4	-	-20.20,50.94,-0.98,26.6681
1241.785	redig	mcl_core:gravel	-19,38,16	934.698	-23.24,48.75,5.62,24.9609
1243.099	redig	mcl_core:birchwood	-10,46,-3	879.398	-16.41,49.30,6.32,23.0071
1244.416	place	mcl_core:brick_block	-5,39,-21	-	-12.29,50.75,-0.16,22.1722
1245.730	place	mcl_core:mossycobble	-26,38,-24	-	-13.82,51.68,-7.71,21.4398
1247.048	place	mcl_core:birchwood	-13,37,-33	-	-17.06,50.65,-14.29,22.3417
1248.361	redig	mcl_colorblocks:hardened_clay_orange	6,40,-15	1054.608	-11.57,52.73,-18.33,24.0052
1249.680	redig	mcl_core:birchwood	-9,46,-3	781.975	-8.19,51.38,-11.57,25.1388
1250.994	place	mcl_colorblocks:hardened_clay_orange	-28,36,9	-	-11.38,56.53,-4.57,25.9170
1252.309	place	mcl_core:brick_block	-37,34,-3	-	-18.39,51.82,-1.31,26.5961
1253.623	redig	mcl_core:birchwood	-18,38,20	477.829	-23.14,49.12,3.70,25.2567
1254.938	redig	mcl_books:bookshelf	-7,41,-1	267.236	-17.95,48.99,7.04,23.2370
1256.253	redig	mcl_core:brick_block	-13,40,-7	867.574	-12.73,50.58,1.48,22.3346
1257.567	redig	mcl_core:mossycobble	-13,41,-21	1172.038	-12.98,51.65,-6.24,21.6264
1258.882	place	mcl_colorblocks:hardened_clay_orange	-21,37,-38	-	-17.17,50.93,-12.79,21.8684
1260.194	place	mcl_core:mossycobble	11,39,-20	-	-13.02,53.30,-18.81,23.5309
1261.510	place	mcl_core:gravel	-10,41,0	-	-8.33,51.46,-13.18,24.9785
1262.833	place	mcl_core:brick_block	-26,42,14	-	-10.48,56.33,-5.77,25.7958
1265.472	place	mcl_core:mossycobble	-27,37,11	-	-22.77,49.49,2.46,25.3577
1266.787	redig	mcl_colorblocks:hardened_clay_orange	-8,41,7	812.283	-18.93,48.85,7.30,23.4128
1268.101	redig	mcl_core:gravel	-11,40,-9	497.559	-13.03,50.47,2.53,22.4449
1269.415	place	mcl_books:bookshelf	-19,38,-16	-	-12.57,51.71,-5.17,21.7107
1270.729	redig	mcl_books:bookshelf	-29,37,-24	712.159	-16.93,51.07,-11.63,21.3692
1273.361	redig	mcl_core:gravel	5,41,-3	726.633	-8.69,51.61,-14.38,24.8326
1275.993	place	mcl_core:gravel	-39,34,5	-	-15.90,53.03,-2.01,26.3812
1277.307	place	mcl_colorblocks:hardened_clay_orange	-28,42,13	-	-22.46,49.92,1.08,25.4931
1278.623	redig	mcl_core:birchwood	-7,41,5	284.336	-20.18,48.81,7.18,23.6581
1279.942	place	mcl_core:brick_block	-9,41,-1	-	-13.56,50.36,3.47,22.6046
1281.256	redig	mcl_colorblocks:hardened_clay_orange	-11,39,-18	1183.881	-11.96,51.48,-4.07,21.8540
1282.579	place	mcl_core:brick_block	-34,37,-23	-	-15.67,51.66,-10.91,21.1653
1285.207	place	mcl_core:brick_block	-2,41,-11	-	-9.38,51.64,-16.20,24.6368
1287.839	place	mcl_core:brick_block	-32,36,11	-	-14.08,54.22,-2.65,26.1729
1290.471	redig	mcl_books:bookshelf	-11,39,19	247.504	-22.31,48.68,6.79,24.2704
1291.787	redig	mcl_colorblocks:hardened_clay_orange	2,41,2	302.791	-15.12,49.67,5.34,22.8352
1293.099	place	mcl_core:mossycobble	-6,40,-17	-	-11.90,50.90,-1.64,22.0725
1294.416	place	mcl_colorblocks:hardened_clay_orange	-24,38,-28	-	-14.06,51.61,-9.08,21.3727
1295.733	place	mcl_core:brick_block	-4,37,-37	-	-16.57,51.03,-15.76,22.3681
1297.048	place	mcl_core:brick_block	5,41,-7	-	-10.70,52.34,-17.76,24.3185
1298.360	redig	mcl_core:gravel	-6,41,5	975.605	-8.69,51.98,-10.45,25.2911
1300.985	redig	mcl_core:birchwood	-33,41,8	365.972	-19.94,50.90,-1.19,26.5910
1302.300	redig	mcl_core:mossycobble	-25,38,18	755.643	-23.15,48.79,5.30,25.1278
1303.614	place	mcl_books:bookshelf	-8,41,2	-	-16.52,49.30,6.44,23.0418
1304.931	place	mcl_core:birchwood	-8,40,-17	-	-12.17,50.82,0.10,22.2137
1306.248	redig	mcl_core:birchwood	-17,38,-23	880.711	-13.41,51.47,-7.52,21.4840
1307.560	place	mcl_core:mossycobble	-16,44,-21	-	-17.20,50.81,-13.97,22.2178
1308.873	place	mcl_core:birchwood	6,42,-12	-	-12.09,53.02,-18.58,23.9119
1310.196	redig	mcl_core:mossycobble	-11,40,-2	800.390	-8.47,51.35,-11.98,25.1209
1311.512	place	mcl_core:brick_block	-33,36,15	-	-11.53,55.62,-4.92,25.9116
1312.825	place	mcl_core:mossycobble	-43,34,5	-	-18.54,51.58,-1.67,26.5691
1314.142	redig	mcl_core:gravel	-25,38,21	550.217	-22.77,49.19,3.85,25.2067
1315.457	place	mcl_core:brick_block	-6,41,0	-	-17.48,49.15,7.10,23.2286
1316.773	redig	mcl_core:birchwood	-16,41,-16	384.391	-12.31,50.61,1.49,22.3168
1318.091	place	mcl_books:bookshelf	-19,41,-19	-	-12.75,51.54,-6.23,21.5968
1319.403	redig	mcl_colorblocks:hardened_clay_orange	-10,38,-28	54.031	-17.06,50.99,-12.69,21.8602
1320.721	place	mcl_colorblocks:hardened_clay_orange	10,39,-24	-	-13.03,53.22,-18.95,23.4264
1322.034	place	mcl_colorblocks:hardened_clay_orange	-7,50,-9	-	-8.15,51.38,-13.59,24.9448
1325.992	redig	mcl_core:brick_block	-32,36,12	414.659	-22.66,49.73,1.67,25.4222
1327.308	place	mcl_core:brick_block	-5,42,7	-	-19.58,48.84,7.20,23.5320
1328.623	redig	mcl_core:mossycobble	2,41,-5	714.793	-13.26,50.43,2.98,22.5396
1329.935	redig	mcl_core:mossycobble	-13,39,-16	214.589	-12.11,51.76,-4.62,21.7859
1331.251	place	mcl_core:mossycobble	-37,38,-29	-	-16.23,51.53,-11.19,21.1902
1333.892	place	mcl_core:mossycobble	-7,40,-13	-	-8.82,51.50,-15.48,24.7214
1336.522	place	mcl_core:mossycobble	-29,36,6	-	-14.73,54.08,-2.44,26.2564
1337.837	place	mcl_core:brick_block	-31,36,9	-	-21.83,50.24,0.29,25.6634
1339.151	place	mcl_core:mossycobble	-11,40,10	-	-21.45,48.80,7.38,24.0435
1340.466	redig	mcl_core:birchwood	-9,46,-8	448.884	-14.37,50.01,5.08,22.7513
1341.780	place	mcl_books:bookshelf	-10,38,-27	-	-11.84,51.10,-2.17,21.9614
1343.093	place	mcl_core:gravel	-35,38,-29	-	-14.78,51.48,-9.31,21.2755
1344.406	place	mcl_core:gravel	-5,37,-34	-	-16.16,51.06,-16.10,22.4850
1345.721	redig	mcl_colorblocks:hardened_clay_orange	-8,48,-9	625.255	-10.07,51.84,-17.38,24.3918
1347.036	place	mcl_core:brick_block	-9,41,8	-	-8.43,53.18,-9.95,25.3441
1349.671	place	mcl_core:brick_block	-46,34,3	-	-20.16,50.94,-1.18,26.6439
1350.990	redig	mcl_core:gravel	-26,38,22	683.207	-23.16,48.77,5.49,24.9628
1352.306	redig	mcl_core:brick_block	-3,41,0	200.108	-16.33,49.31,6.19,23.0000
1353.620	place	mcl_books:bookshelf	-10,40,-16	-	-12.32,50.76,-0.33,22.1545
1354.940	place	mcl_core:mossycobble	-22,38,-27	-	-13.95,51.74,-7.91,21.4387
1356.287	place	mcl_core:birchwood	-12,37,-37	-	-16.86,50.79,-14.72,22.3920
1357.599	redig	mcl_core:gravel	-3,41,-4	479.140	-11.10,52.40,-17.91,24.1451
1358.911	redig	mcl_core:birchwood	-4,42,2	612.102	-8.27,52.01,-10.92,25.1969
1361.543	redig	mcl_core:gravel	-30,36,-8	29.026	-18.93,51.47,-1.13,26.6575
1362.856	redig	mcl_core:gravel	-26,37,12	452.840	-23.23,48.99,4.31,25.2125
1364.171	redig	mcl_core:birchwood	-6,42,-3	1037.518	-17.45,49.11,6.83,23.1572
1365.485	place	mcl_books:bookshelf	-10,41,-10	-	-12.57,50.61,0.96,22.2811
1366.800	redig	mcl_core:birchwood	-12,39,-21	1087.618	-13.30,51.73,-6.73,21.5616
1368.114	redig	mcl_core:brick_block	-23,39,-28	202.746	-17.19,50.71,-13.33,22.1106
1369.431	place	mcl_books:bookshelf	4,40,-15	-	-12.41,53.04,-18.67,23.7379
1370.745	redig	mcl_core:brick_block	-10,41,-2	965.059	-8.18,51.36,-12.55,25.0261
1372.057	place	mcl_core:gravel	-22,38,16	-	-10.50,56.39,-5.23,25.7971
1374.685	place	mcl_books:bookshelf	-22,39,19	-	-22.99,49.45,2.52,25.3910
1375.997	place	mcl_core:birchwood	-6,41,7	-	-19.22,48.84,7.37,23.4210
1377.312	redig	mcl_core:brick_block	-12,40,-7	1201.015	-13.23,50.44,2.67,22.4736
1378.627	redig	mcl_core:birchwood	-11,40,-21	250.137	-12.54,51.89,-5.01,21.7329
1379.940	place	mcl_core:gravel	-30,37,-28	-	-16.80,51.12,-11.53,21.3801
1382.572	redig	mcl_core:brick_block	-4,42,-2	739.786	-8.48,51.48,-14.74,24.8027
1385.203	place	mcl_core:birchwood	-34,35,3	-	-15.44,53.52,-2.24,26.3495
1386.519	redig	mcl_colorblocks:hardened_clay_orange	-32,41,7	293.569	-22.34,50.06,0.51,25.5571
1387.836	redig	mcl_books:bookshelf	-6,41,11	878.081	-20.82,48.77,7.10,23.7995
1389.161	redig	mcl_colorblocks:hardened_clay_orange	-3,41,-2	903.077	-14.01,50.29,3.83,22.6215
1390.509	redig	mcl_core:birchwood	-16,44,-17	177.736	-12.62,51.12,-3.91,21.7960
1391.824	redig	mcl_core:mossycobble	-22,38,-17	72.433	-16.50,50.80,-10.66,21.2919
1394.464	redig	mcl_books:bookshelf	-8,41,-1	334.410	-8.73,51.42,-15.25,24.6919
1397.096	place	mcl_core:gravel	-31,35,3	-	-14.77,54.01,-2.41,26.2950
1398.412	redig	mcl_colorblocks:hardened_clay_orange	-27,43,16	464.675	-21.96,50.23,0.03,25.6390
1399.729	place	mcl_core:mossycobble	-8,41,9	-	-21.30,48.76,7.00,23.9721
1401.041	redig	mcl_books:bookshelf	-5,41,0	958.475	-14.29,50.07,4.50,22.7201
1402.354	place	mcl_books:bookshelf	-15,45,-20	-	-12.08,51.14,-2.85,21.9154
1403.673	redig	mcl_core:brick_block	-26,37,-13	126.390	-15.39,51.46,-9.86,21.2418
1404.985	place	mcl_core:gravel	-3,36,-38	-	-15.64,51.44,-16.78,22.5597
1406.300	redig	mcl_core:birchwood	4,42,-11	326.514	-9.47,51.48,-16.58,24.5184
1407.617	place	mcl_books:bookshelf	-20,38,10	-	-8.62,54.04,-9.00,25.4516
1408.930	place	mcl_core:brick_block	-33,35,9	-	-13.70,54.53,-3.22,26.2015
1410.246	redig	mcl_colorblocks:hardened_clay_orange	-38,34,0	814.915	-21.23,50.54,-1.16,26.0805
1411.566	place	mcl_core:brick_block	-10,39,19	-	-22.14,48.76,6.19,24.3872
1412.880	redig	mcl_core:gravel	-4,41,3	381.759	-14.96,49.83,5.16,22.8526
1414.194	place	mcl_core:brick_block	-16,46,-20	-	-12.02,51.02,-1.90,21.9941
1415.507	place	mcl_core:mossycobble	-28,38,-30	-	-14.72,51.54,-9.14,21.3019
1416.820	place	mcl_core:gravel	-5,36,-40	-	-16.35,50.95,-15.84,22.4937
1418.134	place	mcl_core:mossycobble	3,41,-8	-	-10.25,51.83,-17.15,24.3806
1419.451	redig	mcl_core:gravel	-4,41,0	430.456	-8.43,53.30,-9.75,25.3098
1422.086	place	mcl_core:brick_block	-43,34,-3	-	-19.89,51.10,-0.77,26.7315
1423.403	redig	mcl_core:gravel	-25,38,20	26.396	-23.55,48.78,5.33,25.0014
1424.715	redig	mcl_core:birchwood	-3,41,1	672.688	-16.76,49.25,6.18,23.0195
1426.038	place	mcl_core:brick_block	-7,43,-23	-	-12.56,50.82,-0.29,22.1904
1427.350	redig	mcl_core:mossycobble	-16,44,-21	1307.560	-13.81,51.65,-7.91,21.4924
1428.689	place	mcl_core:brick_block	-7,36,-40	-	-16.78,50.90,-14.74,22.3101
1430.006	place	mcl_books:bookshelf	10,45,-9	-	-11.23,52.46,-18.42,24.0846
1431.322	redig	mcl_core:birchwood	-2,41,5	914.908	-8.18,51.28,-11.51,25.1749
1433.961	place	mcl_core:gravel	-44,39,1	-	-18.90,51.53,-1.71,26.5650
1435.274	place	mcl_core:mossycobble	-26,38,27	-	-22.82,49.14,4.09,25.1861
1436.591	redig	mcl_core:gravel	-4,42,9	442.305	-17.24,49.19,6.93,23.1871
1437.905	place	mcl_core:brick_block	-10,46,-4	-	-12.33,50.74,1.11,22.2662
1439.221	redig	mcl_books:bookshelf	-12,39,-19	286.979	-13.20,51.77,-6.57,21.5414
1440.539	redig	mcl_core:birchwood	-25,38,-28	954.526	-17.35,50.66,-13.04,22.0666
1441.854	redig	mcl_core:brick_block	-5,39,-21	1244.416	-12.65,53.09,-18.62,23.6438
1443.167	redig	mcl_core:brick_block	-1,41,-1	314.666	-8.20,51.41,-12.74,25.0058
1444.489	place	mcl_core:mossycobble	-31,36,11	-	-10.64,56.28,-5.43,25.8393
1445.802	redig	mcl_core:birchwood	-31,36,10	959.800	-17.44,52.32,-1.76,26.5427
1447.116	place	mcl_core:brick_block	-26,38,22	-	-22.78,49.42,2.49,25.2975
1448.433	redig	mcl_core:birchwood	-6,41,1	928.075	-18.52,48.89,6.96,23.3637
1449.746	place	mcl_core:brick_block	-14,40,-4	-	-12.76,50.50,2.01,22.4183
1451.061	redig	mcl_books:bookshelf	-19,41,-19	1318.091	-12.56,51.75,-5.70,21.6745
1452.378	redig	mcl_core:birchwood	-28,37,-24	991.410	-17.00,51.15,-12.14,21.6037
1455.008	redig	mcl_core:birchwood	0,41,1	854.415	-8.36,51.44,-14.23,24.8840
1458.955	redig	mcl_core:mossycobble	-27,37,11	1265.472	-22.25,49.86,1.50,25.3405
1460.270	place	mcl_core:birchwood	-4,42,9	-	-19.50,49.22,7.54,23.6266
1461.585	place	mcl_core:brick_block	-12,40,-7	-	-12.99,50.34,3.69,22.5789
1462.900	place	mcl_core:mossycobble	-12,39,-16	-	-11.71,51.48,-3.90,21.8000
1464.213	place	mcl_core:brick_block	-29,37,-23	-	-15.72,51.54,-10.51,21.1745
1465.528	place	mcl_core:gravel	-5,37,-36	-	-15.44,52.07,-17.45,22.5975
1466.841	redig	mcl_books:bookshelf	4,41,-6	193.524	-9.30,51.35,-16.25,24.6007
1472.105	redig	mcl_books:bookshelf	-14,40,11	534.412	-22.18,48.70,6.77,24.2732
1473.420	place	mcl_core:gravel	-2,41,-1	-	-15.01,49.81,5.29,22.8245
1474.734	redig	mcl_core:mossycobble	-17,45,-18	275.130	-11.95,50.96,-1.75,22.0346
1476.049	place	mcl_colorblocks:hardened_clay_orange	-32,37,-25	-	-14.42,51.72,-9.08,21.3365
1477.363	place	mcl_core:gravel	-11,37,-34	-	-16.50,50.97,-15.77,22.4327
1478.677	place	mcl_core:gravel	6,41,-1	-	-10.51,51.86,-17.61,24.3281
1479.991	redig	mcl_core:gravel	-12,40,1	455.468	-8.44,52.87,-10.29,25.2726
1482.623	place	mcl_core:gravel	-43,40,0	-	-19.48,51.27,-0.78,26.6744
1483.939	redig	mcl_colorblocks:hardened_clay_orange	-26,37,18	622.628	-23.43,48.86,5.08,25.1756
1485.256	place	mcl_core:gravel	-4,41,0	-	-17.08,49.21,6.72,23.0821
1486.571	redig	mcl_books:bookshelf	-11,39,-17	917.540	-12.63,50.73,0.50,22.2209
1487.886	redig	mcl_core:birchwood	-26,37,-16	9.238	-13.69,51.55,-7.17,21.5315
1489.202	place	mcl_core:gravel	-16,38,-23	-	-17.03,50.67,-13.91,22.2678
1490.538	place	mcl_core:brick_block	6,40,-15	-	-11.70,52.41,-18.52,23.9237
1491.851	place	mcl_core:brick_block	-12,40,-3	-	-8.12,51.26,-11.96,25.1190
1493.167	place	mcl_colorblocks:hardened_clay_orange	-28,44,14	-	-11.10,56.38,-4.86,25.8929
1494.482	place	mcl_core:brick_block	-44,38,-2	-	-18.06,52.01,-1.47,26.5791
1495.795	redig	mcl_core:brick_block	-26,42,14	1262.833	-22.99,49.21,3.26,25.2686
1497.108	place	mcl_colorblocks:hardened_clay_orange	-9,41,1	-	-18.12,48.99,6.99,23.2794
1498.419	place	mcl_core:brick_block	-13,40,-4	-	-12.72,50.56,1.65,22.3586
1499.736	place	mcl_core:gravel	-18,44,-20	-	-12.97,51.82,-6.06,21.6140
1501.053	redig	mcl_core:gravel	-26,38,-28	372.548	-17.17,50.88,-12.63,21.8872
1502.366	redig	mcl_core:birchwood	-4,39,-21	11.872	-13.08,53.18,-18.85,23.4220
1503.680	redig	mcl_core:brick_block	0,41,-2	793.819	-8.13,51.31,-13.52,24.9370
1507.622	redig	mcl_core:brick_block	-30,36,10	936.012	-22.47,49.93,1.82,25.3458
1508.938	redig	mcl_core:brick_block	-6,40,13	1157.417	-19.17,48.94,7.30,23.5155
1510.250	redig	mcl_books:bookshelf	-6,41,-2	358.086	-12.93,50.39,3.02,22.5230
1511.563	redig	mcl_core:birchwood	-18,41,-16	52.713	-11.93,51.70,-4.61,21.7671
1512.877	place	mcl_core:brick_block	-34,37,-31	-	-16.16,51.64,-11.10,21.1586
1515.506	place	mcl_colorblocks:hardened_clay_orange	-10,40,-13	-	-9.10,51.60,-15.42,24.7132
1518.133	place	mcl_core:gravel	-31,36,8	-	-14.97,53.56,-2.38,26.2649
1519.448	place	mcl_core:gravel	-24,37,13	-	-21.91,50.13,0.56,25.6142
1520.764	redig	mcl_core:mossycobble	-11,40,15	1096.847	-21.11,48.83,7.52,23.9515
1522.076	place	mcl_books:bookshelf	-3,41,-7	-	-14.12,50.09,4.91,22.7337
1523.391	redig	mcl_core:birchwood	-14,44,-18	73.753	-11.57,50.99,-2.36,21.9760
1524.703	place	mcl_books:bookshelf	-32,37,-27	-	-14.35,51.74,-9.57,21.2990
1526.019	place	mcl_core:gravel	-10,38,-38	-	-16.48,51.18,-16.24,22.4147
1527.337	place	mcl_core:brick_block	4,41,-3	-	-10.48,52.07,-17.67,24.3800
1528.652	redig	mcl_core:mossycobble	-12,40,-2	504.137	-8.71,52.00,-10.26,25.3168
1531.288	redig	mcl_core:brick_block	-37,34,-3	1252.309	-20.19,50.89,-1.18,26.5889
1532.605	redig	mcl_core:brick_block	-26,37,17	850.470	-23.05,48.76,5.59,24.9539
1533.920	place	mcl_core:brick_block	-3,41,-2	-	-16.21,49.34,6.28,23.0059
1535.235	place	mcl_core:gravel	-4,40,-16	-	-12.06,50.70,-0.18,22.1769
1536.550	redig	mcl_core:brick_block	-21,38,-14	335.725	-13.63,51.43,-7.73,21.4362
1537.864	redig	mcl_core:birchwood	-10,39,-21	189.574	-16.95,50.70,-14.23,22.3250
1539.178	place	mcl_colorblocks:hardened_clay_orange	6,41,-10	-	-11.48,52.39,-18.32,24.0010
1540.495	place	mcl_colorblocks:hardened_clay_orange	-8,48,-9	-	-8.15,51.28,-11.56,25.1394
1541.811	place	mcl_core:birchwood	-31,36,10	-	-11.27,56.55,-4.51,25.9033
1543.125	place	mcl_core:brick_block	-46,33,5	-	-18.24,51.93,-1.16,26.5818
1544.438	redig	mcl_colorblocks:hardened_clay_orange	-28,42,13	1277.307	-23.08,49.18,3.73,25.2645
1545.754	place	mcl_core:birchwood	-4,42,2	-	-17.90,49.06,7.07,23.2331
1547.071	place	mcl_core:brick_block	-10,46,-3	-	-12.63,50.55,1.52,22.3560
1548.386	place	mcl_core:gravel	-17,45,-18	-	-12.69,51.60,-6.21,21.6466
1549.704	redig	mcl_core:brick_block	-30,37,-25	1100.792	-17.13,51.10,-12.63,21.7226
1551.021	redig	mcl_core:brick_block	-5,43,-22	261.975	-13.54,53.58,-19.06,23.4015
1552.333	redig	mcl_core:birchwood	-6,41,3	437.035	-8.57,51.39,-13.79,24.9345
1556.279	redig	mcl_core:brick_block	-27,43,14	404.135	-22.58,49.67,2.10,25.3506
1557.593	place	mcl_core:mossycobble	-7,41,4	-	-19.02,48.88,7.26,23.4634
1558.913	redig	mcl_books:bookshelf	-7,48,-10	400.185	-12.93,50.45,2.68,22.4718
1560.230	redig	mcl_core:mossycobble	-12,39,-18	1123.191	-12.45,51.71,-5.01,21.6886
1561.533	place	mcl_core:gravel	-30,37,-25	-	-16.92,51.04,-11.32,21.3408
1564.165	redig	mcl_core:birchwood	-6,41,-5	1055.926	-8.56,51.47,-14.51,24.7917
1566.796	place	mcl_colorblocks:hardened_clay_orange	-39,34,8	-	-15.59,53.45,-2.17,26.3850
1568.110	redig	mcl_core:brick_block	-25,37,11	559.430	-22.30,50.02,0.69,25.4803
1569.426	redig	mcl_core:mossycobble	-11,40,13	1237.842	-20.29,48.85,7.06,23.7270
1570.742	redig	mcl_books:bookshelf	-9,48,-4	758.269	-13.63,50.33,3.53,22.5927
1572.056	redig	mcl_core:mossycobble	-8,39,-21	795.135	-12.38,51.42,-4.03,21.7804
1573.371	redig	mcl_core:gravel	-22,38,-25	1003.252	-16.46,51.09,-10.65,21.2395
1576.000	redig	mcl_core:birchwood	-3,41,-6	418.604	-8.90,51.41,-15.35,24.6767
1578.635	place	mcl_books:bookshelf	-32,41,6	-	-14.63,53.96,-2.35,26.2845
1579.949	redig	mcl_core:gravel	-33,43,6	354.126	-21.96,50.26,-0.11,25.7427
1581.265	redig	mcl_core:birchwood	-11,40,14	526.514	-21.67,48.72,7.00,24.0593
1582.577	redig	mcl_core:birchwood	-6,47,-10	1079.703	-14.60,50.07,4.78,22.7550
1583.890	place	mcl_core:birchwood	-9,39,-22	-	-11.94,50.82,-2.44,21.9837
1585.208	place	mcl_core:brick_block	-28,37,-25	-	-14.77,51.55,-9.65,21.2840
1586.524	place	mcl_core:brick_block	-5,37,-38	-	-16.00,51.37,-16.51,22.4831
1587.856	place	mcl_core:brick_block	3,41,1	-	-9.85,51.61,-17.27,24.4548
1589.175	redig	mcl_core:birchwood	-11,40,0	976.947	-8.53,53.24,-9.74,25.3763
1593.120	redig	mcl_colorblocks:hardened_clay_orange	-24,39,23	198.789	-22.89,48.75,5.89,24.7970
1594.433	redig	mcl_core:gravel	0,41,3	175.107	-15.91,49.39,6.10,22.9609
1595.748	place	mcl_colorblocks:hardened_clay_orange	-10,39,-21	-	-12.13,50.72,-0.56,22.1201
1597.063	place	mcl_core:mossycobble	-23,38,-31	-	-14.01,51.68,-8.06,21.4101
1598.378	place	mcl_core:brick_block	-13,38,-37	-	-16.81,50.73,-14.74,22.3524
1599.714	place	mcl_core:birchwood	3,41,-3	-	-11.03,52.04,-17.95,24.1674
1601.028	place	mcl_core:brick_block	-10,40,10	-	-8.34,52.23,-10.89,25.2211
1603.656	redig	mcl_colorblocks:hardened_clay_orange	-32,41,5	705.585	-19.07,51.46,-1.19,26.6581
1604.968	redig	mcl_core:brick_block	-26,38,22	1447.116	-23.08,48.99,4.54,25.1906
1606.284	place	mcl_books:bookshelf	-5,41,4	-	-17.25,49.18,6.98,23.1483
1607.602	redig	mcl_books:bookshelf	-14,40,-8	273.815	-12.37,50.62,1.05,22.2838
1608.986	place	mcl_core:brick_block	-19,38,-25	-	-13.13,51.43,-7.04,21.5684
1610.310	redig	mcl_core:brick_block	-21,38,-30	554.168	-16.88,50.95,-13.73,22.1394
1611.622	place	mcl_core:mossycobble	5,40,-16	-	-12.08,52.78,-19.01,23.7522
1612.937	place	mcl_core:gravel	-8,41,4	-	-7.97,51.33,-12.81,25.0456
1614.251	place	mcl_books:bookshelf	-25,38,17	-	-10.54,56.18,-5.57,25.8439
1615.566	place	mcl_colorblocks:hardened_clay_orange	-38,34,1	-	-17.33,52.34,-1.87,26.5313
1616.889	place	mcl_colorblocks:hardened_clay_orange	-26,38,22	-	-22.64,49.57,2.49,25.2856
1618.206	redig	mcl_core:mossycobble	-11,40,10	1339.151	-18.61,48.92,7.28,23.3995
1619.518	redig	mcl_books:bookshelf	3,42,-6	593.649	-12.69,50.45,2.51,22.4598
1620.832	place	mcl_colorblocks:hardened_clay_orange	-12,39,-19	-	-12.14,51.61,-5.17,21.7105
1622.147	place	mcl_core:gravel	-37,37,-31	-	-16.62,51.34,-11.52,21.1829
1624.781	redig	mcl_core:brick_block	-8,48,-5	206.695	-8.78,51.59,-14.82,24.7853
1627.412	place	mcl_core:brick_block	-35,35,3	-	-15.24,53.62,-2.00,26.3025
1628.726	place	mcl_core:birchwood	-27,37,9	-	-22.19,50.10,0.74,25.6268
1630.042	redig	mcl_colorblocks:hardened_clay_orange	-13,40,8	1177.299	-21.12,48.79,7.50,23.8732
1631.354	redig	mcl_colorblocks:hardened_clay_orange	-8,48,-9	1540.495	-14.23,50.10,4.59,22.6874
1632.670	place	mcl_core:brick_block	-12,40,-17	-	-12.08,50.94,-2.81,21.9226
1633.984	place	mcl_colorblocks:hardened_clay_orange	-27,38,-29	-	-15.19,51.28,-9.90,21.2533
1635.300	place	mcl_colorblocks:hardened_clay_orange	-3,37,-34	-	-15.81,51.49,-16.78,22.5451
1636.613	redig	mcl_core:birchwood	7,42,-10	265.923	-9.66,51.49,-16.63,24.5164
1639.243	place	mcl_core:mossycobble	-33,41,8	-	-13.79,54.37,-3.15,26.1692
1640.574	place	mcl_core:birchwood	-38,35,14	-	-21.26,50.48,-0.66,25.9320
1641.915	redig	mcl_core:gravel	-17,38,22	107.971	-22.06,48.84,6.88,24.3673
1643.227	redig	mcl_core:mossycobble	-4,41,-5	309.381	-14.92,49.75,5.69,22.8319
1644.543	place	mcl_core:brick_block	-11,39,-22	-	-11.92,50.77,-1.39,22.0184
1645.859	redig	mcl_core:brick_block	-22,38,-16	857.046	-14.40,51.39,-8.73,21.3514
1647.175	redig	mcl_core:birchwood	-13,37,-33	1247.048	-16.33,50.80,-15.52,22.4405
1648.489	place	mcl_core:birchwood	3,42,-6	-	-10.37,51.87,-17.76,24.2831
1649.803	place	mcl_core:mossycobble	-12,40,11	-	-8.20,52.51,-10.50,25.2901
1652.433	place	mcl_colorblocks:hardened_clay_orange	-43,38,-2	-	-19.65,51.22,-1.49,26.6079
1653.747	redig	mcl_core:brick_block	-19,38,15	171.163	-22.83,48.97,4.97,25.1315
1655.060	place	mcl_core:gravel	-4,41,1	-	-16.44,49.33,6.54,23.0774
1656.379	place	mcl_books:bookshelf	-8,47,-4	-	-11.92,50.67,0.34,22.2338
1657.693	redig	mcl_core:brick_block	-16,46,-20	1414.194	-12.88,51.47,-7.34,21.5429
1659.008	redig	mcl_colorblocks:hardened_clay_orange	-19,38,-22	687.146	-17.11,50.87,-13.73,22.0532
1660.321	redig	mcl_core:mossycobble	0,41,-9	787.237	-12.63,53.49,-19.18,23.7329
1661.635	place	mcl_books:bookshelf	-8,48,-5	-	-8.45,51.46,-13.05,25.0407
1665.578	redig	mcl_core:birchwood	-27,42,13	68.497	-22.86,49.38,2.76,25.3255
1666.892	redig	mcl_core:mossycobble	-8,41,9	1399.729	-18.66,48.86,7.23,23.3642
1668.206	place	mcl_core:brick_block	-7,46,-7	-	-12.96,50.50,2.22,22.4024
1669.522	redig	mcl_core:gravel	-10,39,-23	1050.666	-12.87,51.67,-5.50,21.6608
1670.847	redig	mcl_colorblocks:hardened_clay_orange	-24,38,-28	1294.416	-17.29,50.71,-12.02,21.6309
1672.185	place	mcl_core:brick_block	9,39,-22	-	-13.46,52.61,-18.31,23.3907
1673.504	redig	mcl_colorblocks:hardened_clay_orange	-9,41,1	1497.108	-8.40,51.40,-13.05,24.9315
1674.826	place	mcl_core:gravel	-26,42,14	-	-10.44,56.21,-5.63,25.8007
1677.470	place	mcl_core:brick_block	-27,43,14	-	-22.77,49.51,2.47,25.3488
1678.784	redig	mcl_books:bookshelf	-4,41,6	344.928	-18.91,48.85,7.31,23.4126
1680.098	place	mcl_core:mossycobble	-9,48,-4	-	-12.92,50.44,2.61,22.4767
1681.414	redig	mcl_core:birchwood	-8,40,-17	1304.931	-12.24,51.71,-5.08,21.7360
1682.729	place	mcl_core:brick_block	-30,37,-29	-	-16.56,51.45,-11.53,21.1924
1685.360	redig	mcl_colorblocks:hardened_clay_orange	4,41,-5	1115.304	-8.88,51.58,-14.90,24.7894
1687.992	place	mcl_books:bookshelf	-29,36,9	-	-15.61,53.14,-2.26,26.3326
1689.308	place	mcl_core:mossycobble	-24,38,16	-	-22.19,49.96,1.00,25.4836
1690.628	redig	mcl_books:bookshelf	-7,40,14	1036.203	-20.14,48.92,7.35,23.7126
1691.955	redig	mcl_colorblocks:hardened_clay_orange	-5,42,-3	709.530	-13.42,50.26,3.78,22.6082
1693.269	place	mcl_books:bookshelf	-14,44,-18	-	-11.78,51.25,-3.75,21.8596
1694.596	place	mcl_core:gravel	-33,37,-25	-	-15.46,51.67,-10.64,21.1696
1695.911	place	mcl_colorblocks:hardened_clay_orange	-2,36,-38	-	-15.65,52.37,-17.56,22.5676
1697.229	redig	mcl_core:brick_block	-3,41,-10	702.957	-9.52,51.70,-16.44,24.5973
1698.542	place	mcl_colorblocks:hardened_clay_orange	-18,39,14	-	-9.08,53.70,-8.82,25.4844
1699.858	redig	mcl_core:mossycobble	-29,37,3	778.011	-14.32,53.82,-3.15,26.2206
1701.172	place	mcl_books:bookshelf	-37,36,18	-	-21.62,50.28,-0.62,25.7981
1702.485	redig	mcl_core:brick_block	-15,40,14	364.658	-21.46,48.95,6.65,24.1534
1703.804	redig	mcl_core:mossycobble	-8,46,-3	1231.274	-14.29,50.10,4.78,22.7856
1705.129	redig	mcl_core:mossycobble	-7,40,-17	941.276	-11.50,50.83,-2.45,22.0021
1706.444	place	mcl_books:bookshelf	-30,38,-31	-	-14.07,51.91,-9.75,21.3264
1707.760	place	mcl_colorblocks:hardened_clay_orange	-5,37,-33	-	-16.48,51.23,-16.41,22.3681
1709.078	redig	mcl_core:brick_block	-5,41,-7	697.699	-10.55,52.31,-17.92,24.3782
1710.393	place	mcl_books:bookshelf	-14,40,8	-	-8.77,51.63,-10.51,25.3155
1713.027	redig	mcl_core:gravel	-31,36,8	1518.133	-20.35,50.64,-1.38,26.3696
1714.345	redig	mcl_books:bookshelf	-15,39,16	315.978	-22.53,49.00,5.80,24.9221
1715.659	redig	mcl_core:gravel	-2,41,-1	1473.420	-15.66,49.53,6.39,22.9993
1716.974	place	mcl_books:bookshelf	-5,39,-19	-	-11.60,50.71,-0.12,22.1649
1718.288	redig	mcl_core:brick_block	-13,38,-23	540.994	-12.96,51.48,-7.74,21.5015
1719.602	redig	mcl_core:mossycobble	-12,38,-25	419.916	-16.90,51.02,-14.20,22.0928
1720.917	place	mcl_core:mossycobble	8,41,-9	-	-12.15,53.21,-19.25,23.8378
1722.232	redig	mcl_books:bookshelf	-13,41,-5	111.918	-8.27,51.38,-12.86,25.0654
1723.548	place	mcl_core:gravel	-27,42,13	-	-10.85,56.11,-5.59,25.8206
1726.171	place	mcl_core:birchwood	-29,37,18	-	-22.87,49.40,2.79,25.3287
1727.489	redig	mcl_colorblocks:hardened_clay_orange	-9,41,0	394.913	-18.68,48.86,7.29,23.3639
1728.801	place	mcl_core:gravel	-13,41,-5	-	-12.90,50.47,2.35,22.4285
1730.114	redig	mcl_core:birchwood	-17,39,-14	1220.754	-12.57,51.79,-5.34,21.6875
1731.429	place	mcl_core:gravel	-27,39,-33	-	-17.01,51.00,-11.77,21.4777
1734.060	redig	mcl_core:brick_block	0,42,-1	242.241	-8.57,51.46,-14.48,24.8373
1736.704	place	mcl_core:mossycobble	-37,34,1	-	-15.98,53.02,-2.17,26.3822
1738.019	place	mcl_core:birchwood	-31,37,18	-	-22.39,49.92,1.20,25.4526
1739.332	redig	mcl_core:brick_block	-7,40,13	465.990	-20.00,48.85,7.29,23.6524
1740.647	redig	mcl_core:brick_block	-10,46,-7	1158.733	-13.42,50.33,3.55,22.5942
1741.961	redig	mcl_books:bookshelf	-18,39,-15	626.574	-11.94,51.37,-4.00,21.8289
1743.274	place	mcl_books:bookshelf	-34,37,-24	-	-15.69,51.57,-10.77,21.1889
1744.589	redig	mcl_core:brick_block	-12,37,-32	1186.547	-15.44,52.35,-17.77,22.5933
1745.904	place	mcl_books:bookshelf	-3,40,-13	-	-9.35,51.53,-16.10,24.6433
1747.220	place	mcl_core:mossycobble	-23,38,14	-	-9.37,53.99,-8.47,25.5491
1748.536	place	mcl_core:mossycobble	-33,41,4	-	-14.94,53.24,-3.12,26.2765
1749.851	redig	mcl_core:birchwood	-34,35,9	523.880	-21.78,50.08,-0.01,25.4875
1751.168	redig	mcl_colorblocks:hardened_clay_orange	-12,39,20	587.067	-20.91,49.44,7.18,24.0324
1752.482	redig	mcl_core:brick_block	-2,41,2	230.397	-13.84,50.16,4.87,22.7463
1753.797	place	mcl_core:gravel	-11,38,-25	-	-11.34,50.88,-2.39,21.9525
1755.114	place	mcl_core:birchwood	-27,38,-24	-	-14.38,51.76,-9.52,21.2625
1756.429	place	mcl_colorblocks:hardened_clay_orange	-6,36,-40	-	-16.49,51.04,-16.10,22.4371
1757.747	place	mcl_core:gravel	6,41,-2	-	-10.45,52.05,-17.49,24.3820
1759.064	redig	mcl_colorblocks:hardened_clay_orange	-6,42,4	618.682	-8.81,52.39,-10.05,25.3456
1761.696	redig	mcl_colorblocks:hardened_clay_orange	-33,42,5	233.026	-20.55,50.63,-1.20,26.3201
1763.011	redig	mcl_core:birchwood	-23,38,18	1023.020	-22.63,48.82,5.98,24.7793
1764.327	redig	mcl_core:brick_block	-4,41,4	623.942	-15.61,49.46,6.14,22.9619
1765.640	redig	mcl_core:birchwood	-9,46,-10	552.849	-11.74,50.71,-0.47,22.1490
1766.956	place	mcl_core:mossycobble	-25,38,-28	-	-13.30,51.56,-8.06,21.4612
1768.271	place	mcl_core:mossycobble	-15,37,-37	-	-17.03,50.84,-14.51,22.1858
1769.586	place	mcl_books:bookshelf	6,41,-11	-	-11.86,53.10,-18.78,23.9936
1770.903	redig	mcl_colorblocks:hardened_clay_orange	-1,41,0	521.246	-8.52,51.49,-12.05,25.1494
1772.219	place	mcl_books:bookshelf	-31,36,15	-	-11.74,54.72,-5.04,25.9173
1774.848	place	mcl_colorblocks:hardened_clay_orange	-24,39,23	-	-22.79,49.11,3.96,25.1918
1776.161	redig	mcl_colorblocks:hardened_clay_orange	-8,41,-2	443.625	-17.24,49.20,6.84,23.1898
1777.477	place	mcl_core:gravel	-8,46,-7	-	-12.29,50.62,1.02,22.2879
1778.793	place	mcl_books:bookshelf	-18,39,-25	-	-12.96,51.47,-6.68,21.5787
1780.108	redig	mcl_colorblocks:hardened_clay_orange	-27,39,-27	190.889	-17.25,50.82,-13.12,21.9554
1781.431	place	mcl_core:birchwood	9,40,-17	-	-12.82,53.09,-18.88,23.6371
1782.749	redig	mcl_core:brick_block	-10,48,-5	213.275	-8.40,51.38,-12.96,25.0190
1784.067	place	mcl_colorblocks:hardened_clay_orange	-31,36,12	-	-10.91,55.68,-5.69,25.8455
1785.382	place	mcl_colorblocks:hardened_clay_orange	-40,34,-1	-	-17.72,52.00,-2.03,26.5415
1786.700	place	mcl_core:gravel	-25,38,23	-	-22.57,49.65,2.85,25.2442
1788.015	redig	mcl_core:mossycobble	-6,40,12	829.408	-18.17,49.10,7.24,23.3515
1789.329	place	mcl_books:bookshelf	-10,41,-2	-	-12.43,50.53,2.24,22.4334
1790.642	redig	mcl_core:brick_block	-8,39,-19	201.431	-11.90,51.64,-5.46,21.7243
1791.957	place	mcl_colorblocks:hardened_clay_orange	-35,38,-26	-	-16.38,51.35,-11.78,21.0897
1794.588	place	mcl_core:brick_block	-5,46,-9	-	-9.00,51.57,-15.17,24.7824
1797.239	place	mcl_colorblocks:hardened_clay_orange	-33,43,6	-	-15.33,53.19,-2.10,26.2650
1798.583	place	mcl_core:mossycobble	-33,37,12	-	-22.35,49.96,0.93,25.5961
1799.896	redig	mcl_core:gravel	-12,40,12	255.397	-20.91,48.75,7.47,23.7958
1800.857	stop	-	-15,49,5	place=863 redig=315	-15.57,49.42,5.78,22.8927
